{
  "$schema": "https://raw.githubusercontent.com/OpenLightingProject/open-fixture-library/schema-12.5.0/schemas/fixture.json",
  "name": "Wash 84W",
  "shortName": "wash84w",
  "categories": ["Color Changer", "Moving Head"],
  "meta": {
    "authors": ["Millumin", "CypGit"],
    "createDate": "2018-04-04",
    "lastModifyDate": "2019-05-17"
  },
  "comment": "There exist different variants of this fixture. Most retailers only state 13 channels, but there's also a manual with 9/14 channel modes. The physical data is also inconsistent.",
  "links": {
    "other": [
      "https://github.com/OpenLightingProject/open-fixture-library/pull/461",
      "https://github.com/OpenLightingProject/open-fixture-library/issues/792"
    ]
  },
  "physical": {
    "dimensions": [177, 230, 177],
    "weight": 2.7,
    "power": 90,
    "DMXconnector": "3-pin",
    "bulb": {
      "type": "LED"
    }
  },
  "availableChannels": {
    "Pan": {
      "fineChannelAliases": ["Pan fine"],
      "defaultValue": "50%",
      "capability": {
        "type": "Pan",
        "angleStart": "0deg",
        "angleEnd": "540deg"
      }
    },
    "Tilt": {
      "fineChannelAliases": ["Tilt fine"],
      "defaultValue": "50%",
      "capability": {
        "type": "Tilt",
        "angleStart": "0deg",
        "angleEnd": "270deg",
        "helpWanted": "Is 270° the correct tilt maximum for all fixture variants?"
      }
    },
    "Movement Speed": {
      "defaultValue": 0,
      "capability": {
        "type": "PanTiltSpeed",
        "speedStart": "fast",
        "speedEnd": "slow"
      }
    },
    "Dimmer": {
      "defaultValue": 0,
      "capability": {
        "type": "Intensity"
      }
    },
    "Dimmer / Strobe": {
      "defaultValue": 0,
      "capabilities": [
        {
          "dmxRange": [0, 7],
          "type": "ShutterStrobe",
          "shutterEffect": "Open"
        },
        {
          "dmxRange": [8, 134],
          "type": "Intensity"
        },
        {
          "dmxRange": [135, 239],
          "type": "ShutterStrobe",
          "shutterEffect": "Strobe",
          "speedStart": "0Hz",
          "speedEnd": "40Hz"
        },
        {
          "dmxRange": [240, 255],
          "type": "ShutterStrobe",
          "shutterEffect": "Closed"
        }
      ]
    },
    "Red": {
      "defaultValue": 0,
      "capability": {
        "type": "ColorIntensity",
        "color": "Red"
      }
    },
    "Green": {
      "defaultValue": 0,
      "capability": {
        "type": "ColorIntensity",
        "color": "Green"
      }
    },
    "Blue": {
      "defaultValue": 0,
      "capability": {
        "type": "ColorIntensity",
        "color": "Blue"
      }
    },
    "White": {
      "defaultValue": 0,
      "capability": {
        "type": "ColorIntensity",
        "color": "White"
      }
    },
    "RGBW Presets": {
      "defaultValue": 0,
      "capabilities": [
        {
          "dmxRange": [0, 4],
          "type": "NoFunction"
        },
        {
          "dmxRange": [5, 44],
          "type": "ColorPreset",
          "comment": "static",
          "helpWanted": "Is this a single color? At which DMX value can which colors be selected?"
        },
        {
          "dmxRange": [45, 49],
          "type": "NoFunction"
        },
        {
          "dmxRange": [50, 94],
          "type": "Effect",
          "effectPreset": "ColorJump",
          "comment": "cut"
        },
        {
          "dmxRange": [95, 99],
          "type": "NoFunction"
        },
        {
          "dmxRange": [100, 149],
          "type": "Effect",
          "effectPreset": "ColorFade",
          "comment": "smooth"
        },
        {
          "dmxRange": [150, 154],
          "type": "NoFunction"
        },
        {
          "dmxRange": [155, 255],
          "type": "Effect",
          "effectPreset": "ColorFade",
          "comment": "soft",
          "helpWanted": "Where is the difference to 'smooth'?"
        }
      ]
    },
    "RGBW Presets / Chase": {
      "capability": {
        "type": "Effect",
        "effectPreset": "ColorFade",
        "helpWanted": "At which DMX values can which colors be selected and at which DMX values is the chase effect active?"
      }
    },
    "Chase Speed": {
      "capability": {
        "type": "EffectSpeed",
        "speedStart": "slow",
        "speedEnd": "fast"
      }
    },
    "Strobe": {
      "defaultValue": 0,
      "capabilities": [
        {
          "dmxRange": [0, 6],
          "type": "NoFunction"
        },
        {
          "dmxRange": [7, 65],
          "type": "ShutterStrobe",
          "shutterEffect": "Strobe"
        },
        {
          "dmxRange": [66, 69],
          "type": "NoFunction",
          "helpWanted": "Or Shutter Open / Closed?"
        },
        {
          "dmxRange": [70, 128],
          "type": "ShutterStrobe",
          "shutterEffect": "Strobe",
          "randomTiming": true
        },
        {
          "dmxRange": [129, 132],
          "type": "NoFunction"
        },
        {
          "dmxRange": [133, 191],
          "type": "ShutterStrobe",
          "shutterEffect": "RampUp"
        },
        {
          "dmxRange": [192, 195],
          "type": "NoFunction"
        },
        {
          "dmxRange": [196, 255],
          "type": "ShutterStrobe",
          "shutterEffect": "RampDown"
        }
      ]
    },
    "Music control": {
      "defaultValue": 0,
      "capabilities": [
        {
          "dmxRange": [0, 127],
          "type": "SoundSensitivity",
          "soundSensitivity": "off"
        },
        {
          "dmxRange": [128, 255],
          "type": "SoundSensitivity",
          "soundSensitivity": "high"
        }
      ]
    },
    "Sound Effects": {
      "capability": {
        "type": "Effect",
        "effectName": "Music controlled programs",
        "helpWanted": "How many programs are there and at which DMX values can you select them?"
      }
    },
    "Reset": {
      "capabilities": [
        {
          "dmxRange": [0, 149],
          "type": "NoFunction"
        },
        {
          "dmxRange": [150, 200],
          "type": "Maintenance",
          "comment": "Reset",
          "helpWanted": "Does one need to hold this capability for a certain amount of seconds?"
        },
        {
          "dmxRange": [201, 255],
          "type": "NoFunction"
        }
      ]
    }
  },
  "modes": [
    {
      "name": "9-channel",
      "shortName": "9ch",
      "channels": [
        "Pan",
        "Tilt",
        "Dimmer / Strobe",
        "Red",
        "Green",
        "Blue",
        "White",
        "Movement Speed",
        "Reset"
      ]
    },
    {
      "name": "13-channel",
      "shortName": "13ch",
      "channels": [
        "Pan",
        "Pan fine",
        "Tilt",
        "Tilt fine",
        "Movement Speed",
        "Dimmer",
        "Red",
        "Green",
        "Blue",
        "White",
        "RGBW Presets",
        "Strobe",
        "Music control"
      ]
    },
    {
      "name": "14-channel",
      "shortName": "14ch",
      "channels": [
        "Pan",
        "Pan fine",
        "Tilt",
        "Tilt fine",
        "Movement Speed",
        "Dimmer / Strobe",
        "Red",
        "Green",
        "Blue",
        "White",
        "RGBW Presets / Chase",
        "Chase Speed",
        "Sound Effects",
        "Reset"
      ]
    }
  ],
  "fixtureKey": "wash-84w",
  "manufacturerKey": "powerlighting",
  "oflURL": "https://open-fixture-library.org/powerlighting/wash-84w"
}
