{
  "$schema": "https://raw.githubusercontent.com/OpenLightingProject/open-fixture-library/schema-12.5.0/schemas/fixture.json",
  "name": "IVL Carré",
  "shortName": "ivlcarre",
  "categories": ["Laser", "Effect", "Color Changer"],
  "meta": {
    "authors": ["ameisso"],
    "createDate": "2018-03-30",
    "lastModifyDate": "2018-09-04"
  },
  "links": {
    "manual": [
      "https://minuitune.com/wp-content/uploads/2018/04/DMX_sheet_IVL_Carre_and_IVL_Pyramide.pdf"
    ],
    "video": [
      "https://www.youtube.com/watch?v=YAKrrMRgdIo"
    ]
  },
  "physical": {
    "dimensions": [594.3, 200, 551.9],
    "weight": 13,
    "power": 125,
    "DMXconnector": "5-pin",
    "bulb": {
      "type": "Laser"
    }
  },
  "availableChannels": {
    "Control": {
      "defaultValue": 191,
      "capabilities": [
        {
          "dmxRange": [0, 23],
          "type": "Maintenance",
          "comment": "Off"
        },
        {
          "dmxRange": [24, 49],
          "type": "Maintenance",
          "comment": "Reset"
        },
        {
          "dmxRange": [50, 255],
          "type": "Maintenance",
          "comment": "On"
        }
      ]
    },
    "Dimmer": {
      "defaultValue": 0,
      "capability": {
        "type": "Intensity"
      }
    },
    "Blade": {
      "fineChannelAliases": ["Blade fine"],
      "capability": {
        "type": "BladeRotation",
        "blade": 1,
        "angleStart": "0deg",
        "angleEnd": "360deg"
      }
    },
    "Red": {
      "defaultValue": 0,
      "capability": {
        "type": "ColorIntensity",
        "color": "Red"
      }
    },
    "Green": {
      "defaultValue": 0,
      "capability": {
        "type": "ColorIntensity",
        "color": "Green"
      }
    },
    "Blue": {
      "defaultValue": 0,
      "capability": {
        "type": "ColorIntensity",
        "color": "Blue"
      }
    },
    "Shutter": {
      "defaultValue": 0,
      "capabilities": [
        {
          "dmxRange": [0, 14],
          "type": "ShutterStrobe",
          "shutterEffect": "Open"
        },
        {
          "dmxRange": [15, 27],
          "type": "ShutterStrobe",
          "shutterEffect": "Closed"
        },
        {
          "dmxRange": [28, 227],
          "type": "ShutterStrobe",
          "shutterEffect": "Strobe",
          "speedStart": "30bpm",
          "speedEnd": "1440bpm"
        },
        {
          "dmxRange": [228, 255],
          "type": "ShutterStrobe",
          "shutterEffect": "Open"
        }
      ]
    },
    "Tilt All": {
      "fineChannelAliases": ["Tilt All fine"],
      "dmxValueResolution": "8bit",
      "defaultValue": 0,
      "capabilities": [
        {
          "dmxRange": [0, 12],
          "type": "NoFunction"
        },
        {
          "dmxRange": [13, 255],
          "type": "Tilt",
          "angleStart": "0deg",
          "angleEnd": "360deg"
        }
      ]
    },
    "Tilt 1": {
      "fineChannelAliases": ["Tilt 1 fine"],
      "defaultValue": 0,
      "capability": {
        "type": "Tilt",
        "angleStart": "0deg",
        "angleEnd": "360deg"
      }
    },
    "Tilt 2": {
      "fineChannelAliases": ["Tilt 2 fine"],
      "defaultValue": 0,
      "capability": {
        "type": "Tilt",
        "angleStart": "0deg",
        "angleEnd": "360deg"
      }
    },
    "Tilt 3": {
      "fineChannelAliases": ["Tilt 3 fine"],
      "defaultValue": 0,
      "capability": {
        "type": "Tilt",
        "angleStart": "0deg",
        "angleEnd": "360deg"
      }
    },
    "Tilt 4": {
      "fineChannelAliases": ["Tilt 4 fine"],
      "defaultValue": 0,
      "capability": {
        "type": "Tilt",
        "angleStart": "0deg",
        "angleEnd": "360deg"
      }
    },
    "Gobo All": {
      "capabilities": [
        {
          "dmxRange": [0, 36],
          "type": "Effect",
          "effectName": "1 Beam"
        },
        {
          "dmxRange": [37, 73],
          "type": "Effect",
          "effectName": "2 Beams"
        },
        {
          "dmxRange": [74, 110],
          "type": "Effect",
          "effectName": "3 Beams"
        },
        {
          "dmxRange": [111, 147],
          "type": "Effect",
          "effectName": "8 Beams"
        },
        {
          "dmxRange": [148, 184],
          "type": "Effect",
          "effectName": "16 Beams"
        },
        {
          "dmxRange": [185, 255],
          "type": "Effect",
          "effectName": "32 Beams"
        }
      ]
    },
    "Index": {
      "fineChannelAliases": ["Index fine"],
      "defaultValue": 32767,
      "capability": {
        "type": "Rotation",
        "angleStart": "0deg",
        "angleEnd": "360deg"
      }
    },
    "Rotation": {
      "capabilities": [
        {
          "dmxRange": [0, 12],
          "type": "NoFunction"
        },
        {
          "dmxRange": [13, 122],
          "type": "Rotation",
          "speed": "fast CCW"
        },
        {
          "dmxRange": [123, 133],
          "type": "Rotation",
          "speed": "stop"
        },
        {
          "dmxRange": [134, 242],
          "type": "Rotation",
          "speed": "fast CW"
        },
        {
          "dmxRange": [243, 255],
          "type": "NoFunction"
        }
      ]
    },
    "Gobo Beam Angle all": {
      "fineChannelAliases": ["Gobo Beam Angle all fine"],
      "capability": {
        "type": "BeamAngle",
        "angleStart": "0deg",
        "angleEnd": "360deg"
      }
    },
    "Red Gobo": {
      "capabilities": [
        {
          "dmxRange": [0, 36],
          "type": "Effect",
          "effectName": "1 Beam"
        },
        {
          "dmxRange": [37, 73],
          "type": "Effect",
          "effectName": "2 Beams"
        },
        {
          "dmxRange": [74, 110],
          "type": "Effect",
          "effectName": "4 Beams"
        },
        {
          "dmxRange": [111, 147],
          "type": "Effect",
          "effectName": "8 Beams"
        },
        {
          "dmxRange": [148, 184],
          "type": "Effect",
          "effectName": "16 Beams"
        },
        {
          "dmxRange": [185, 221],
          "type": "Effect",
          "effectName": "32 Beams"
        },
        {
          "dmxRange": [222, 255],
          "type": "Effect",
          "effectName": "64 Beams"
        }
      ]
    },
    "Index Red": {
      "fineChannelAliases": ["Index Red fine"],
      "defaultValue": 32767,
      "capability": {
        "type": "Rotation",
        "angleStart": "0deg",
        "angleEnd": "360deg"
      }
    },
    "Green Gobo": {
      "capabilities": [
        {
          "dmxRange": [0, 36],
          "type": "Effect",
          "effectName": "1 Beam"
        },
        {
          "dmxRange": [37, 73],
          "type": "Effect",
          "effectName": "2 Beams"
        },
        {
          "dmxRange": [74, 110],
          "type": "Effect",
          "effectName": "3 Beams"
        },
        {
          "dmxRange": [111, 147],
          "type": "Effect",
          "effectName": "8 Beams"
        },
        {
          "dmxRange": [148, 184],
          "type": "Effect",
          "effectName": "16 Beams"
        },
        {
          "dmxRange": [185, 221],
          "type": "Effect",
          "effectName": "32 Beams"
        },
        {
          "dmxRange": [222, 255],
          "type": "Effect",
          "effectName": "64 Beams"
        }
      ]
    },
    "Rotation Red": {
      "fineChannelAliases": ["Rotation Red fine"],
      "dmxValueResolution": "8bit",
      "capabilities": [
        {
          "dmxRange": [0, 12],
          "type": "NoFunction"
        },
        {
          "dmxRange": [13, 122],
          "type": "Rotation",
          "speed": "fast CCW"
        },
        {
          "dmxRange": [123, 133],
          "type": "Rotation",
          "speed": "stop"
        },
        {
          "dmxRange": [134, 242],
          "type": "Rotation",
          "speed": "fast CW"
        },
        {
          "dmxRange": [243, 255],
          "type": "NoFunction"
        }
      ]
    },
    "Index Green": {
      "fineChannelAliases": ["Index Green fine"],
      "defaultValue": 32767,
      "capability": {
        "type": "Rotation",
        "angleStart": "0deg",
        "angleEnd": "360deg"
      }
    },
    "Rotation Green": {
      "fineChannelAliases": ["Rotation Green fine"],
      "dmxValueResolution": "8bit",
      "capabilities": [
        {
          "dmxRange": [0, 12],
          "type": "NoFunction"
        },
        {
          "dmxRange": [13, 122],
          "type": "Rotation",
          "speed": "fast CCW"
        },
        {
          "dmxRange": [123, 133],
          "type": "Rotation",
          "speed": "stop"
        },
        {
          "dmxRange": [134, 242],
          "type": "Rotation",
          "speed": "fast CW"
        },
        {
          "dmxRange": [243, 255],
          "type": "NoFunction"
        }
      ]
    },
    "Blue Gobo": {
      "capabilities": [
        {
          "dmxRange": [0, 36],
          "type": "Effect",
          "effectName": "1 Beam"
        },
        {
          "dmxRange": [37, 73],
          "type": "Effect",
          "effectName": "2 Beams"
        },
        {
          "dmxRange": [74, 110],
          "type": "Effect",
          "effectName": "3 Beams"
        },
        {
          "dmxRange": [111, 147],
          "type": "Effect",
          "effectName": "8 Beams"
        },
        {
          "dmxRange": [148, 184],
          "type": "Effect",
          "effectName": "16 Beams"
        },
        {
          "dmxRange": [185, 221],
          "type": "Effect",
          "effectName": "32 Beams"
        },
        {
          "dmxRange": [222, 255],
          "type": "Effect",
          "effectName": "64 Beams"
        }
      ]
    },
    "Index Blue": {
      "fineChannelAliases": ["Index Blue fine"],
      "defaultValue": 32767,
      "capability": {
        "type": "Rotation",
        "angleStart": "0deg",
        "angleEnd": "360deg"
      }
    },
    "Rotation Blue": {
      "fineChannelAliases": ["Rotation Blue fine"],
      "dmxValueResolution": "8bit",
      "capabilities": [
        {
          "dmxRange": [0, 12],
          "type": "NoFunction"
        },
        {
          "dmxRange": [13, 122],
          "type": "Rotation",
          "speed": "fast CCW"
        },
        {
          "dmxRange": [123, 133],
          "type": "Rotation",
          "speed": "stop"
        },
        {
          "dmxRange": [134, 242],
          "type": "Rotation",
          "speed": "fast CW"
        },
        {
          "dmxRange": [243, 255],
          "type": "NoFunction"
        }
      ]
    },
    "Gobo Beam Angle Red": {
      "fineChannelAliases": ["Gobo Beam Angle Red fine"],
      "capability": {
        "type": "Zoom",
        "angleStart": "0deg",
        "angleEnd": "360deg"
      }
    },
    "Gobo Beam Angle Green": {
      "fineChannelAliases": ["Gobo Beam Angle Green fine"],
      "capability": {
        "type": "Zoom",
        "angleStart": "0deg",
        "angleEnd": "360deg"
      }
    },
    "Gobo Beam Angle Blue": {
      "fineChannelAliases": ["Gobo Beam Angle Blue fine"],
      "capability": {
        "type": "Zoom",
        "angleStart": "0deg",
        "angleEnd": "360deg"
      }
    }
  },
  "modes": [
    {
      "name": "25 channel",
      "shortName": "25ch",
      "channels": [
        "Control",
        "Dimmer",
        "Blade",
        "Blade fine",
        "Red",
        "Green",
        "Blue",
        "Shutter",
        "Tilt All",
        "Tilt All fine",
        "Tilt 1",
        "Tilt 1 fine",
        "Tilt 2",
        "Tilt 2 fine",
        "Tilt 3",
        "Tilt 3 fine",
        "Tilt 4",
        "Tilt 4 fine",
        "Gobo All",
        "Index",
        "Index fine",
        "Rotation",
        "Gobo Beam Angle all",
        "Gobo Beam Angle all fine",
        null
      ]
    },
    {
      "name": "45 channel",
      "shortName": "45ch",
      "channels": [
        "Control",
        "Dimmer",
        "Blade",
        "Blade fine",
        "Red",
        "Green",
        "Blue",
        "Shutter",
        "Tilt All",
        "Tilt All fine",
        "Tilt 1",
        "Tilt 1 fine",
        "Tilt 2",
        "Tilt 2 fine",
        "Tilt 3",
        "Tilt 3 fine",
        "Tilt 4",
        "Tilt 4 fine",
        "Red Gobo",
        "Index Red",
        "Index Red fine",
        "Rotation Red",
        "Rotation Red fine",
        "Gobo Beam Angle Red",
        "Gobo Beam Angle Red fine",
        "Green Gobo",
        "Index Green",
        "Index Green fine",
        "Rotation Green",
        "Rotation Green fine",
        "Gobo Beam Angle Green",
        "Gobo Beam Angle Green fine",
        "Blue Gobo",
        "Index Blue",
        "Index Blue fine",
        "Rotation Blue",
        "Rotation Blue fine",
        "Gobo Beam Angle Blue",
        "Gobo Beam Angle Blue fine",
        null,
        null,
        null,
        null,
        null,
        null
      ]
    }
  ],
  "fixtureKey": "ivl-carre",
  "manufacturerKey": "minuit-une",
  "oflURL": "https://open-fixture-library.org/minuit-une/ivl-carre"
}
