{
  "$schema": "https://raw.githubusercontent.com/OpenLightingProject/open-fixture-library/schema-12.5.0/schemas/fixture.json",
  "name": "DJ Scan LED",
  "categories": ["Scanner", "Color Changer"],
  "meta": {
    "authors": ["Thilo Billerbeck"],
    "createDate": "2018-02-06",
    "lastModifyDate": "2018-08-09"
  },
  "links": {
    "manual": [
      "https://www.musicstore.de/INTERSHOP/web/WFS/MusicStore-MusicStoreShop-Site/de_DE/-/EUR/ViewProductAttachment-ResolveManualURL?File=DE_LIG0007774-000.pdf"
    ],
    "video": [
      "https://www.youtube.com/watch?v=eNepec8pVrg"
    ]
  },
  "physical": {
    "dimensions": [465, 150, 150],
    "weight": 3,
    "DMXconnector": "3-pin",
    "bulb": {
      "type": "25W LED"
    }
  },
  "wheels": {
    "Gobo Wheel": {
      "slots": [
        {
          "type": "Open"
        },
        {
          "type": "Gobo"
        },
        {
          "type": "Gobo"
        },
        {
          "type": "Gobo"
        },
        {
          "type": "Gobo"
        },
        {
          "type": "Gobo"
        },
        {
          "type": "Gobo"
        },
        {
          "type": "Gobo"
        },
        {
          "type": "Gobo"
        },
        {
          "type": "Gobo"
        },
        {
          "type": "Gobo"
        },
        {
          "type": "Gobo"
        }
      ]
    }
  },
  "availableChannels": {
    "Pan": {
      "defaultValue": "50%",
      "capability": {
        "type": "Pan",
        "angleStart": "0%",
        "angleEnd": "100%"
      }
    },
    "Tilt": {
      "defaultValue": "50%",
      "capability": {
        "type": "Tilt",
        "angleStart": "0%",
        "angleEnd": "100%"
      }
    },
    "Color Wheel": {
      "capabilities": [
        {
          "dmxRange": [0, 13],
          "type": "ColorPreset",
          "colors": ["#ffffff"],
          "comment": "White"
        },
        {
          "dmxRange": [14, 27],
          "type": "ColorPreset",
          "colors": ["#ffff00"],
          "comment": "Yellow"
        },
        {
          "dmxRange": [28, 41],
          "type": "ColorPreset",
          "colors": ["#ff00ff"],
          "comment": "Pink"
        },
        {
          "dmxRange": [42, 55],
          "type": "ColorPreset",
          "colors": ["#00ff00"],
          "comment": "Green"
        },
        {
          "dmxRange": [56, 69],
          "type": "ColorPreset",
          "colors": ["#8000ff"],
          "comment": "Purple"
        },
        {
          "dmxRange": [70, 83],
          "type": "ColorPreset",
          "colors": ["#0040ff"],
          "comment": "Blue"
        },
        {
          "dmxRange": [84, 97],
          "type": "ColorPreset",
          "colors": ["#00ff80"],
          "comment": "Light Green"
        },
        {
          "dmxRange": [98, 111],
          "type": "ColorPreset",
          "colors": ["#ff8000"],
          "comment": "Orange"
        },
        {
          "dmxRange": [112, 127],
          "type": "ColorPreset",
          "colors": ["#ff0000"],
          "comment": "Red"
        },
        {
          "dmxRange": [128, 190],
          "type": "Effect",
          "effectPreset": "ColorFade",
          "speedStart": "slow",
          "speedEnd": "fast"
        },
        {
          "dmxRange": [191, 255],
          "type": "Effect",
          "effectPreset": "ColorFade",
          "speedStart": "slow reverse",
          "speedEnd": "fast reverse"
        }
      ]
    },
    "Gobo Wheel": {
      "defaultValue": 0,
      "capabilities": [
        {
          "dmxRange": [0, 8],
          "type": "WheelSlot",
          "slotNumber": 1
        },
        {
          "dmxRange": [9, 17],
          "type": "WheelSlot",
          "slotNumber": 2
        },
        {
          "dmxRange": [18, 26],
          "type": "WheelSlot",
          "slotNumber": 3
        },
        {
          "dmxRange": [27, 35],
          "type": "WheelSlot",
          "slotNumber": 4
        },
        {
          "dmxRange": [36, 44],
          "type": "WheelSlot",
          "slotNumber": 5
        },
        {
          "dmxRange": [45, 53],
          "type": "WheelSlot",
          "slotNumber": 6
        },
        {
          "dmxRange": [54, 62],
          "type": "WheelSlot",
          "slotNumber": 7
        },
        {
          "dmxRange": [63, 71],
          "type": "WheelSlot",
          "slotNumber": 8
        },
        {
          "dmxRange": [72, 80],
          "type": "WheelSlot",
          "slotNumber": 9
        },
        {
          "dmxRange": [81, 89],
          "type": "WheelSlot",
          "slotNumber": 10
        },
        {
          "dmxRange": [90, 98],
          "type": "WheelSlot",
          "slotNumber": 11
        },
        {
          "dmxRange": [99, 107],
          "type": "WheelSlot",
          "slotNumber": 12
        },
        {
          "dmxRange": [108, 116],
          "type": "WheelShake",
          "slotNumber": 2
        },
        {
          "dmxRange": [117, 125],
          "type": "WheelShake",
          "slotNumber": 3
        },
        {
          "dmxRange": [126, 134],
          "type": "WheelShake",
          "slotNumber": 4
        },
        {
          "dmxRange": [135, 143],
          "type": "WheelShake",
          "slotNumber": 5
        },
        {
          "dmxRange": [144, 152],
          "type": "WheelShake",
          "slotNumber": 6
        },
        {
          "dmxRange": [153, 161],
          "type": "WheelShake",
          "slotNumber": 7
        },
        {
          "dmxRange": [162, 170],
          "type": "WheelShake",
          "slotNumber": 8
        },
        {
          "dmxRange": [171, 179],
          "type": "WheelShake",
          "slotNumber": 9
        },
        {
          "dmxRange": [180, 188],
          "type": "WheelShake",
          "slotNumber": 10
        },
        {
          "dmxRange": [189, 197],
          "type": "WheelShake",
          "slotNumber": 11
        },
        {
          "dmxRange": [198, 206],
          "type": "WheelShake",
          "slotNumber": 12
        },
        {
          "dmxRange": [207, 255],
          "type": "WheelRotation",
          "speedStart": "slow CW",
          "speedEnd": "fast CW"
        }
      ]
    },
    "Shutter": {
      "defaultValue": 10,
      "capabilities": [
        {
          "dmxRange": [0, 9],
          "type": "ShutterStrobe",
          "shutterEffect": "Closed"
        },
        {
          "dmxRange": [10, 19],
          "type": "ShutterStrobe",
          "shutterEffect": "Open"
        },
        {
          "dmxRange": [20, 127],
          "type": "ShutterStrobe",
          "shutterEffect": "Strobe",
          "speedStart": "slow",
          "speedEnd": "fast",
          "comment": "Strobe effect 1"
        },
        {
          "dmxRange": [128, 137],
          "type": "ShutterStrobe",
          "shutterEffect": "Open"
        },
        {
          "dmxRange": [138, 201],
          "type": "ShutterStrobe",
          "shutterEffect": "Strobe",
          "speedStart": "slow",
          "speedEnd": "fast",
          "comment": "Strobe effect 2"
        },
        {
          "dmxRange": [202, 255],
          "type": "ShutterStrobe",
          "shutterEffect": "Open"
        }
      ]
    },
    "Dimmer": {
      "capability": {
        "type": "Intensity"
      }
    },
    "Function/Program": {
      "capabilities": [
        {
          "dmxRange": [0, 59],
          "type": "NoFunction"
        },
        {
          "dmxRange": [60, 79],
          "type": "Maintenance",
          "comment": "C/G Motor reset"
        },
        {
          "dmxRange": [80, 99],
          "type": "Maintenance",
          "comment": "All Motor reset"
        },
        {
          "dmxRange": [100, 119],
          "type": "Effect",
          "effectName": "Internal Program 1"
        },
        {
          "dmxRange": [120, 139],
          "type": "Effect",
          "effectName": "Internal Program 2"
        },
        {
          "dmxRange": [140, 159],
          "type": "Effect",
          "effectName": "Internal Program 3"
        },
        {
          "dmxRange": [160, 179],
          "type": "Effect",
          "effectName": "Internal Program 4"
        },
        {
          "dmxRange": [180, 199],
          "type": "Effect",
          "effectName": "Internal Program 5"
        },
        {
          "dmxRange": [200, 219],
          "type": "Effect",
          "effectName": "Internal Program 6"
        },
        {
          "dmxRange": [220, 239],
          "type": "Effect",
          "effectName": "Internal Program 7"
        },
        {
          "dmxRange": [240, 255],
          "type": "Effect",
          "effectName": "Internal Program 8"
        }
      ]
    }
  },
  "modes": [
    {
      "name": "Normal",
      "channels": [
        "Pan",
        "Tilt",
        "Color Wheel",
        "Gobo Wheel",
        "Shutter",
        "Dimmer",
        "Function/Program"
      ]
    }
  ],
  "fixtureKey": "dj-scan-led",
  "manufacturerKey": "lightmaxx",
  "oflURL": "https://open-fixture-library.org/lightmaxx/dj-scan-led"
}
