{
  "$schema": "https://raw.githubusercontent.com/OpenLightingProject/open-fixture-library/schema-12.5.0/schemas/fixture.json",
  "name": "Vector Pixel BAR 18x 15W RGBWA",
  "categories": ["Pixel Bar", "Color Changer"],
  "meta": {
    "authors": ["Stephan Klein", "Flo Edelmann"],
    "createDate": "2020-03-29",
    "lastModifyDate": "2020-03-29"
  },
  "links": {
    "manual": [
      "https://www.musicstore.de/INTERSHOP/web/WFS/MusicStore-MusicStoreShop-Site/de_DE/-/EUR/ViewProductAttachment-ResolveManualURL?File=DE_LIG0016266-000.pdf"
    ],
    "productPage": [
      "https://www.musicstore.com/en_US/USD/lightmaXX-Vector-Pixel-BAR-18x-15W-RGBWA/art-LIG0016266-000"
    ]
  },
  "physical": {
    "dimensions": [1130, 150, 210],
    "weight": 8,
    "power": 180,
    "DMXconnector": "3-pin",
    "bulb": {
      "type": "18× 15W RGBWA LEDs"
    },
    "lens": {
      "degreesMinMax": [45, 45]
    }
  },
  "matrix": {
    "pixelCount": [
      18,
      1,
      1
    ],
    "pixelGroups": {
      "Master": "all"
    }
  },
  "availableChannels": {
    "Dimmer": {
      "capability": {
        "type": "Intensity"
      }
    },
    "Strobe": {
      "capability": {
        "type": "ShutterStrobe",
        "shutterEffect": "Strobe",
        "speedStart": "slow",
        "speedEnd": "fast",
        "helpWanted": "At which DMX values is strobe disabled? When is the lamp constantly on/off?"
      }
    },
    "Function": {
      "defaultValue": 0,
      "capabilities": [
        {
          "dmxRange": [0, 17],
          "type": "NoFunction",
          "switchChannels": {
            "Running Effects / Color Running Effect Direction": "Unused"
          }
        },
        {
          "dmxRange": [18, 22],
          "type": "Effect",
          "effectName": "Color Change",
          "switchChannels": {
            "Running Effects / Color Running Effect Direction": "Running Effects"
          }
        },
        {
          "dmxRange": [23, 27],
          "type": "Effect",
          "effectName": "Colorful running jump change",
          "switchChannels": {
            "Running Effects / Color Running Effect Direction": "Color Running Effect Direction"
          }
        },
        {
          "dmxRange": [28, 32],
          "type": "Effect",
          "effectName": "Colorful running gradual change",
          "switchChannels": {
            "Running Effects / Color Running Effect Direction": "Color Running Effect Direction"
          }
        },
        {
          "dmxRange": [33, 37],
          "type": "Effect",
          "effectName": "Color",
          "helpWanted": "What does this capability do?",
          "switchChannels": {
            "Running Effects / Color Running Effect Direction": "Unused"
          }
        },
        {
          "dmxRange": [38, 42],
          "type": "Effect",
          "effectPreset": "ColorJump",
          "switchChannels": {
            "Running Effects / Color Running Effect Direction": "Unused"
          }
        },
        {
          "dmxRange": [43, 47],
          "type": "Effect",
          "effectPreset": "ColorFade",
          "switchChannels": {
            "Running Effects / Color Running Effect Direction": "Unused"
          }
        },
        {
          "dmxRange": [48, 251],
          "type": "Effect",
          "effectName": "Running effects 1…50",
          "helpWanted": "Which running effect is active at which DMX values?",
          "switchChannels": {
            "Running Effects / Color Running Effect Direction": "Unused"
          }
        },
        {
          "dmxRange": [252, 255],
          "type": "Effect",
          "effectName": "Sound to light",
          "soundControlled": true,
          "switchChannels": {
            "Running Effects / Color Running Effect Direction": "Unused"
          }
        }
      ]
    },
    "Running Effects": {
      "capabilities": [
        {
          "dmxRange": [0, 0],
          "type": "NoFunction"
        },
        {
          "dmxRange": [1, 5],
          "type": "Effect",
          "effectName": "Running effect 1"
        },
        {
          "dmxRange": [6, 10],
          "type": "Effect",
          "effectName": "Running effect 2"
        },
        {
          "dmxRange": [11, 15],
          "type": "Effect",
          "effectName": "Running effect 3"
        },
        {
          "dmxRange": [16, 20],
          "type": "Effect",
          "effectName": "Running effect 4"
        },
        {
          "dmxRange": [21, 25],
          "type": "Effect",
          "effectName": "Running effect 5"
        },
        {
          "dmxRange": [26, 30],
          "type": "Effect",
          "effectName": "Running effect 6"
        },
        {
          "dmxRange": [31, 35],
          "type": "Effect",
          "effectName": "Running effect 7"
        },
        {
          "dmxRange": [36, 40],
          "type": "Effect",
          "effectName": "Running effect 8"
        },
        {
          "dmxRange": [41, 45],
          "type": "Effect",
          "effectName": "Running effect 9"
        },
        {
          "dmxRange": [46, 50],
          "type": "Effect",
          "effectName": "Running effect 10"
        },
        {
          "dmxRange": [51, 55],
          "type": "Effect",
          "effectName": "Running effect 11"
        },
        {
          "dmxRange": [56, 60],
          "type": "Effect",
          "effectName": "Running effect 12"
        },
        {
          "dmxRange": [61, 65],
          "type": "Effect",
          "effectName": "Running effect 13"
        },
        {
          "dmxRange": [66, 70],
          "type": "Effect",
          "effectName": "Running effect 14"
        },
        {
          "dmxRange": [71, 75],
          "type": "Effect",
          "effectName": "Running effect 15"
        },
        {
          "dmxRange": [76, 80],
          "type": "Effect",
          "effectName": "Running effect 16"
        },
        {
          "dmxRange": [81, 85],
          "type": "Effect",
          "effectName": "Running effect 17"
        },
        {
          "dmxRange": [86, 90],
          "type": "Effect",
          "effectName": "Running effect 18"
        },
        {
          "dmxRange": [91, 95],
          "type": "Effect",
          "effectName": "Running effect 19"
        },
        {
          "dmxRange": [96, 100],
          "type": "Effect",
          "effectName": "Running effect 20"
        },
        {
          "dmxRange": [101, 105],
          "type": "Effect",
          "effectName": "Running effect 21"
        },
        {
          "dmxRange": [106, 110],
          "type": "Effect",
          "effectName": "Running effect 22"
        },
        {
          "dmxRange": [111, 115],
          "type": "Effect",
          "effectName": "Running effect 23"
        },
        {
          "dmxRange": [116, 120],
          "type": "Effect",
          "effectName": "Running effect 24"
        },
        {
          "dmxRange": [121, 125],
          "type": "Effect",
          "effectName": "Running effect 25"
        },
        {
          "dmxRange": [126, 130],
          "type": "Effect",
          "effectName": "Running effect 26"
        },
        {
          "dmxRange": [131, 135],
          "type": "Effect",
          "effectName": "Running effect 27"
        },
        {
          "dmxRange": [136, 140],
          "type": "Effect",
          "effectName": "Running effect 28"
        },
        {
          "dmxRange": [141, 145],
          "type": "Effect",
          "effectName": "Running effect 29"
        },
        {
          "dmxRange": [146, 150],
          "type": "Effect",
          "effectName": "Running effect 30"
        },
        {
          "dmxRange": [151, 155],
          "type": "Effect",
          "effectName": "Running effect 31"
        },
        {
          "dmxRange": [156, 160],
          "type": "Effect",
          "effectName": "Running effect 32"
        },
        {
          "dmxRange": [161, 165],
          "type": "Effect",
          "effectName": "Running effect 33"
        },
        {
          "dmxRange": [166, 170],
          "type": "Effect",
          "effectName": "Running effect 34"
        },
        {
          "dmxRange": [171, 175],
          "type": "Effect",
          "effectName": "Running effect 35"
        },
        {
          "dmxRange": [176, 180],
          "type": "Effect",
          "effectName": "Running effect 36"
        },
        {
          "dmxRange": [181, 185],
          "type": "Effect",
          "effectName": "Running effect 37"
        },
        {
          "dmxRange": [186, 190],
          "type": "Effect",
          "effectName": "Running effect 38"
        },
        {
          "dmxRange": [191, 195],
          "type": "Effect",
          "effectName": "Running effect 39"
        },
        {
          "dmxRange": [196, 200],
          "type": "Effect",
          "effectName": "Running effect 40"
        },
        {
          "dmxRange": [201, 205],
          "type": "Effect",
          "effectName": "Running effect 41"
        },
        {
          "dmxRange": [206, 210],
          "type": "Effect",
          "effectName": "Running effect 42"
        },
        {
          "dmxRange": [211, 215],
          "type": "Effect",
          "effectName": "Running effect 43"
        },
        {
          "dmxRange": [216, 220],
          "type": "Effect",
          "effectName": "Running effect 44"
        },
        {
          "dmxRange": [221, 225],
          "type": "Effect",
          "effectName": "Running effect 45"
        },
        {
          "dmxRange": [226, 230],
          "type": "Effect",
          "effectName": "Running effect 46"
        },
        {
          "dmxRange": [231, 235],
          "type": "Effect",
          "effectName": "Running effect 47"
        },
        {
          "dmxRange": [236, 240],
          "type": "Effect",
          "effectName": "Running effect 48"
        },
        {
          "dmxRange": [241, 245],
          "type": "Effect",
          "effectName": "Running effect 49"
        },
        {
          "dmxRange": [246, 255],
          "type": "Effect",
          "effectName": "Running effect 50",
          "helpWanted": "According to the manual, this capability starts at 251. If it does, how are the DMX ranges of the other capabilities?"
        }
      ]
    },
    "Color Running Effect Direction": {
      "capabilities": [
        {
          "dmxRange": [0, 127],
          "type": "Maintenance",
          "comment": "left running"
        },
        {
          "dmxRange": [128, 255],
          "type": "Maintenance",
          "comment": "right running"
        }
      ]
    },
    "Unused": {
      "capability": {
        "type": "NoFunction"
      }
    },
    "Function Speed": {
      "capability": {
        "type": "EffectSpeed",
        "speedStart": "slow",
        "speedEnd": "fast"
      }
    }
  },
  "templateChannels": {
    "RGBWA Dimmer $pixelKey": {
      "capability": {
        "type": "Intensity"
      }
    },
    "Red $pixelKey": {
      "capability": {
        "type": "ColorIntensity",
        "color": "Red"
      }
    },
    "Green $pixelKey": {
      "capability": {
        "type": "ColorIntensity",
        "color": "Green"
      }
    },
    "Blue $pixelKey": {
      "capability": {
        "type": "ColorIntensity",
        "color": "Blue"
      }
    },
    "White $pixelKey": {
      "capability": {
        "type": "ColorIntensity",
        "color": "White"
      }
    },
    "Amber $pixelKey": {
      "capability": {
        "type": "ColorIntensity",
        "color": "Amber"
      }
    }
  },
  "modes": [
    {
      "name": "10-channel",
      "shortName": "10ch",
      "channels": [
        "Dimmer",
        "Strobe",
        "Function",
        "Running Effects / Color Running Effect Direction",
        "Function Speed",
        "Red Master",
        "Green Master",
        "Blue Master",
        "White Master",
        "Amber Master"
      ]
    },
    {
      "name": "28-channel",
      "shortName": "28ch",
      "channels": [
        "Dimmer",
        "Strobe",
        "Function",
        "Running Effects / Color Running Effect Direction",
        "Function Speed",
        "Red Master",
        "Green Master",
        "Blue Master",
        "White Master",
        "Amber Master",
        {
          "insert": "matrixChannels",
          "repeatFor": "eachPixelXYZ",
          "channelOrder": "perPixel",
          "templateChannels": [
            "RGBWA Dimmer $pixelKey"
          ]
        }
      ]
    },
    {
      "name": "90-channel",
      "shortName": "90ch",
      "channels": [
        {
          "insert": "matrixChannels",
          "repeatFor": "eachPixelXYZ",
          "channelOrder": "perPixel",
          "templateChannels": [
            "Red $pixelKey",
            "Green $pixelKey",
            "Blue $pixelKey",
            "White $pixelKey",
            "Amber $pixelKey"
          ]
        }
      ]
    },
    {
      "name": "100-channel",
      "shortName": "100ch",
      "channels": [
        "Dimmer",
        "Strobe",
        "Function",
        "Running Effects / Color Running Effect Direction",
        "Function Speed",
        "Red Master",
        "Green Master",
        "Blue Master",
        "White Master",
        "Amber Master",
        {
          "insert": "matrixChannels",
          "repeatFor": "eachPixelXYZ",
          "channelOrder": "perPixel",
          "templateChannels": [
            "Red $pixelKey",
            "Green $pixelKey",
            "Blue $pixelKey",
            "White $pixelKey",
            "Amber $pixelKey"
          ]
        }
      ]
    }
  ],
  "fixtureKey": "vector-pixel-bar-18x-15w-rgbwa",
  "manufacturerKey": "lightmaxx",
  "oflURL": "https://open-fixture-library.org/lightmaxx/vector-pixel-bar-18x-15w-rgbwa"
}
