{
  "$schema": "https://raw.githubusercontent.com/OpenLightingProject/open-fixture-library/schema-12.5.0/schemas/fixture.json",
  "name": "Vega BAT-1",
  "categories": ["Color Changer"],
  "meta": {
    "authors": ["lukah", "Hasky", "Ryan Goodwin"],
    "createDate": "2023-07-07",
    "lastModifyDate": "2023-07-07",
    "importPlugin": {
      "plugin": "qlcplus_4.12.1",
      "date": "2023-07-07",
      "comment": "created by Q Light Controller Plus (version 4.12.7)"
    }
  },
  "links": {
    "manual": [
      "https://www.manualslib.com/manual/2405631/Lightmaxx-Vega-Bat-1.html?page=17"
    ],
    "productPage": [
      "https://www.musicstore.com/en_OT/EUR/lightmaXX-Vega-BAT-1-6x-10W-RGBWA-UV-Battery/art-LIG0016452-000"
    ],
    "video": [
      "https://www.youtube.com/watch?v=Th-FB_z6dj0"
    ]
  },
  "physical": {
    "power": 60,
    "DMXconnector": "3-pin",
    "bulb": {
      "type": "LED"
    }
  },
  "availableChannels": {
    "Dimmer": {
      "defaultValue": 0,
      "capability": {
        "type": "Intensity"
      }
    },
    "Red": {
      "defaultValue": 0,
      "capability": {
        "type": "ColorIntensity",
        "color": "Red"
      }
    },
    "Green": {
      "defaultValue": 0,
      "capability": {
        "type": "ColorIntensity",
        "color": "Green"
      }
    },
    "Blue": {
      "defaultValue": 0,
      "capability": {
        "type": "ColorIntensity",
        "color": "Blue"
      }
    },
    "White": {
      "defaultValue": 0,
      "capability": {
        "type": "ColorIntensity",
        "color": "White"
      }
    },
    "Amber": {
      "defaultValue": 0,
      "capability": {
        "type": "ColorIntensity",
        "color": "Amber"
      }
    },
    "UV": {
      "defaultValue": 0,
      "capability": {
        "type": "ColorIntensity",
        "color": "UV"
      }
    },
    "Strobe": {
      "capability": {
        "type": "ShutterStrobe",
        "shutterEffect": "Strobe",
        "speedStart": "slow",
        "speedEnd": "fast",
        "helpWanted": "At which DMX values is strobe disabled? When is the lamp constantly on/off?"
      }
    },
    "Program Mode": {
      "capabilities": [
        {
          "dmxRange": [0, 64],
          "type": "NoFunction",
          "comment": "Manual Color Adjustment"
        },
        {
          "dmxRange": [65, 80],
          "type": "ColorPreset",
          "comment": "Color Macros",
          "helpWanted": "Which color macros are available and at what DMX values?"
        },
        {
          "dmxRange": [81, 150],
          "type": "Effect",
          "effectPreset": "ColorJump"
        },
        {
          "dmxRange": [151, 220],
          "type": "Effect",
          "effectPreset": "ColorFade"
        },
        {
          "dmxRange": [221, 255],
          "type": "Effect",
          "effectName": "Sound Active Mode",
          "soundControlled": true
        }
      ]
    },
    "Program Speed": {
      "defaultValue": 0,
      "capability": {
        "type": "EffectSpeed",
        "speedStart": "slow",
        "speedEnd": "fast"
      }
    }
  },
  "modes": [
    {
      "name": "3-channel",
      "shortName": "3ch",
      "channels": [
        "Red",
        "Green",
        "Blue"
      ]
    },
    {
      "name": "4-channel",
      "shortName": "4ch",
      "channels": [
        "Red",
        "Green",
        "Blue",
        "White"
      ]
    },
    {
      "name": "6-channel",
      "shortName": "6ch",
      "channels": [
        "Red",
        "Green",
        "Blue",
        "White",
        "Amber",
        "UV"
      ]
    },
    {
      "name": "10-channel",
      "shortName": "10ch",
      "channels": [
        "Dimmer",
        "Strobe",
        "Red",
        "Green",
        "Blue",
        "White",
        "Amber",
        "UV",
        "Program Mode",
        "Program Speed"
      ]
    }
  ],
  "fixtureKey": "vega-bat-1",
  "manufacturerKey": "lightmaxx",
  "oflURL": "https://open-fixture-library.org/lightmaxx/vega-bat-1"
}
