{
  "$schema": "https://raw.githubusercontent.com/OpenLightingProject/open-fixture-library/schema-12.5.0/schemas/fixture.json",
  "name": "LP001",
  "categories": ["Color Changer"],
  "meta": {
    "authors": ["simo"],
    "createDate": "2019-08-26",
    "lastModifyDate": "2019-08-26"
  },
  "links": {
    "manual": [
      "https://www.manualslib.com/manual/1407632/Big-Dipper-Lp001.html"
    ],
    "video": [
      "https://www.youtube.com/watch?v=8HeYSPE-Ejk",
      "https://www.youtube.com/watch?v=EfBSQLccAHE"
    ]
  },
  "physical": {
    "dimensions": [255, 255, 365],
    "weight": 2.8,
    "power": 180,
    "bulb": {
      "type": "54× 3W LEDs (12 red, 18 green, 18 blue, 6 white)"
    }
  },
  "availableChannels": {
    "Intensity": {
      "defaultValue": 0,
      "capability": {
        "type": "Intensity"
      }
    },
    "Strobe": {
      "defaultValue": 0,
      "capabilities": [
        {
          "dmxRange": [0, 0],
          "type": "NoFunction"
        },
        {
          "dmxRange": [1, 255],
          "type": "ShutterStrobe",
          "shutterEffect": "Strobe",
          "speedStart": "slow",
          "speedEnd": "fast"
        }
      ]
    },
    "Color Macros": {
      "defaultValue": 0,
      "capabilities": [
        {
          "dmxRange": [0, 10],
          "type": "NoFunction"
        },
        {
          "dmxRange": [11, 50],
          "type": "Effect",
          "effectName": "Manual color selection"
        },
        {
          "dmxRange": [51, 100],
          "type": "Effect",
          "effectName": "Color transition"
        },
        {
          "dmxRange": [101, 150],
          "type": "Effect",
          "effectName": "Color shade"
        },
        {
          "dmxRange": [151, 200],
          "type": "Effect",
          "effectName": "Color pulse"
        },
        {
          "dmxRange": [201, 255],
          "type": "Effect",
          "effectName": "Sound mode",
          "soundControlled": true
        }
      ]
    },
    "Color Presets": {
      "defaultValue": 0,
      "capabilities": [
        {
          "dmxRange": [0, 0],
          "type": "NoFunction"
        },
        {
          "dmxRange": [1, 255],
          "type": "ColorPreset",
          "helpWanted": "Which color can be selected at which DMX value?"
        }
      ]
    },
    "Red": {
      "defaultValue": 0,
      "capability": {
        "type": "ColorIntensity",
        "color": "Red"
      }
    },
    "Green": {
      "defaultValue": 0,
      "capability": {
        "type": "ColorIntensity",
        "color": "Green"
      }
    },
    "Blue": {
      "defaultValue": 0,
      "capability": {
        "type": "ColorIntensity",
        "color": "Blue"
      }
    },
    "White": {
      "defaultValue": 0,
      "capability": {
        "type": "ColorIntensity",
        "color": "White"
      }
    }
  },
  "modes": [
    {
      "name": "8-channel",
      "shortName": "8ch",
      "channels": [
        "Intensity",
        "Strobe",
        "Color Macros",
        "Color Presets",
        "Red",
        "Green",
        "Blue",
        "White"
      ]
    }
  ],
  "fixtureKey": "lp001",
  "manufacturerKey": "big-dipper",
  "oflURL": "https://open-fixture-library.org/big-dipper/lp001"
}
