{
  "$schema": "https://raw.githubusercontent.com/OpenLightingProject/open-fixture-library/schema-12.5.0/schemas/fixture.json",
  "name": "DMH-75.i LED Moving Head",
  "shortName": "FuturelightDMH75i",
  "categories": ["Moving Head", "Color Changer"],
  "meta": {
    "authors": ["Flo Edelmann"],
    "createDate": "2017-12-12",
    "lastModifyDate": "2018-09-04"
  },
  "links": {
    "manual": [
      "https://media.steinigke.de/documents_t/51841840-MANUAL-1.10-de-en_00087817.pdf"
    ],
    "video": [
      "https://www.youtube.com/watch?v=oMMej19YziM"
    ]
  },
  "physical": {
    "dimensions": [299, 398, 252],
    "weight": 8.5,
    "power": 115,
    "DMXconnector": "5-pin",
    "bulb": {
      "type": "72W white LED"
    },
    "lens": {
      "degreesMinMax": [13, 18]
    }
  },
  "wheels": {
    "Color Wheel": {
      "slots": [
        {
          "type": "Open"
        },
        {
          "type": "Color"
        },
        {
          "type": "Color"
        },
        {
          "type": "Color"
        },
        {
          "type": "Color"
        },
        {
          "type": "Color"
        },
        {
          "type": "Color"
        },
        {
          "type": "Color"
        },
        {
          "type": "Color"
        }
      ]
    },
    "Gobo Wheel": {
      "slots": [
        {
          "type": "Open"
        },
        {
          "type": "Gobo"
        },
        {
          "type": "Gobo"
        },
        {
          "type": "Gobo"
        },
        {
          "type": "Gobo"
        },
        {
          "type": "Gobo"
        },
        {
          "type": "Gobo"
        },
        {
          "type": "Gobo"
        }
      ]
    }
  },
  "availableChannels": {
    "Pan": {
      "fineChannelAliases": ["Pan fine"],
      "dmxValueResolution": "8bit",
      "defaultValue": 128,
      "capability": {
        "type": "Pan",
        "angleStart": "0%",
        "angleEnd": "100%"
      }
    },
    "Tilt": {
      "fineChannelAliases": ["Tilt fine"],
      "dmxValueResolution": "8bit",
      "defaultValue": 128,
      "capability": {
        "type": "Tilt",
        "angleStart": "0%",
        "angleEnd": "100%"
      }
    },
    "Pan / Tilt Speed": {
      "capability": {
        "type": "PanTiltSpeed",
        "speedStart": "fast",
        "speedEnd": "slow"
      }
    },
    "Pan / Tilt function": {
      "capabilities": [
        {
          "dmxRange": [0, 15],
          "type": "NoFunction",
          "comment": "Normal"
        },
        {
          "dmxRange": [16, 31],
          "type": "Maintenance",
          "comment": "Blackout at Pan / Tilt movement"
        },
        {
          "dmxRange": [32, 47],
          "type": "Effect",
          "effectName": "Pan rotation forwards"
        },
        {
          "dmxRange": [48, 63],
          "type": "Effect",
          "effectName": "Pan rotation backwards"
        },
        {
          "dmxRange": [64, 79],
          "type": "Effect",
          "effectName": "Tilt rotation forwards"
        },
        {
          "dmxRange": [80, 95],
          "type": "Effect",
          "effectName": "Tilt rotation backwards"
        },
        {
          "dmxRange": [96, 111],
          "type": "Effect",
          "effectName": "Pan / Tilt rotation forwards"
        },
        {
          "dmxRange": [112, 127],
          "type": "Effect",
          "effectName": "Pan / Tilt rotation backwards"
        },
        {
          "dmxRange": [128, 143],
          "type": "Effect",
          "effectName": "Pan rotation forwards, Tilt rotation backwards"
        },
        {
          "dmxRange": [144, 159],
          "type": "Effect",
          "effectName": "Pan rotation backwards, Tilt rotation forwards"
        },
        {
          "dmxRange": [160, 255],
          "type": "NoFunction"
        }
      ]
    },
    "Shutter / Strobe function": {
      "capabilities": [
        {
          "dmxRange": [0, 15],
          "type": "ShutterStrobe",
          "shutterEffect": "Strobe",
          "comment": "Normal shutter function"
        },
        {
          "dmxRange": [16, 31],
          "type": "ShutterStrobe",
          "shutterEffect": "RampUp"
        },
        {
          "dmxRange": [32, 47],
          "type": "ShutterStrobe",
          "shutterEffect": "RampDown"
        },
        {
          "dmxRange": [48, 63],
          "type": "ShutterStrobe",
          "shutterEffect": "Strobe",
          "randomTiming": true
        },
        {
          "dmxRange": [64, 255],
          "type": "NoFunction"
        }
      ]
    },
    "Shutter / Strobe": {
      "capabilities": [
        {
          "dmxRange": [0, 31],
          "type": "ShutterStrobe",
          "shutterEffect": "Closed"
        },
        {
          "dmxRange": [32, 223],
          "type": "StrobeSpeed",
          "speedStart": "slow",
          "speedEnd": "fast"
        },
        {
          "dmxRange": [224, 255],
          "type": "ShutterStrobe",
          "shutterEffect": "Open"
        }
      ]
    },
    "Shutter / Strobe basic": {
      "name": "Shutter / Strobe",
      "capabilities": [
        {
          "dmxRange": [0, 31],
          "type": "ShutterStrobe",
          "shutterEffect": "Closed"
        },
        {
          "dmxRange": [32, 63],
          "type": "ShutterStrobe",
          "shutterEffect": "Open"
        },
        {
          "dmxRange": [64, 95],
          "type": "ShutterStrobe",
          "shutterEffect": "Strobe",
          "speedStart": "slow",
          "speedEnd": "fast"
        },
        {
          "dmxRange": [96, 127],
          "type": "ShutterStrobe",
          "shutterEffect": "Open"
        },
        {
          "dmxRange": [128, 159],
          "type": "ShutterStrobe",
          "shutterEffect": "Pulse",
          "comment": "Pulse effect in sequences"
        },
        {
          "dmxRange": [160, 191],
          "type": "ShutterStrobe",
          "shutterEffect": "Open"
        },
        {
          "dmxRange": [192, 223],
          "type": "ShutterStrobe",
          "shutterEffect": "Strobe",
          "speedStart": "slow",
          "speedEnd": "fast",
          "randomTiming": true
        },
        {
          "dmxRange": [224, 255],
          "type": "ShutterStrobe",
          "shutterEffect": "Open"
        }
      ]
    },
    "Dimmer intensity": {
      "capability": {
        "type": "Intensity"
      }
    },
    "Color wheel function": {
      "defaultValue": 0,
      "capabilities": [
        {
          "dmxRange": [0, 15],
          "type": "NoFunction",
          "comment": "Normal color change",
          "switchChannels": {
            "Color wheel": "Color wheel: Color selection"
          }
        },
        {
          "dmxRange": [16, 31],
          "type": "Maintenance",
          "comment": "Blackout at color change",
          "switchChannels": {
            "Color wheel": "Color wheel: Color selection"
          }
        },
        {
          "dmxRange": [32, 47],
          "type": "WheelRotation",
          "wheel": "Color Wheel",
          "speed": "fast CW",
          "switchChannels": {
            "Color wheel": "Color wheel speed CW"
          }
        },
        {
          "dmxRange": [48, 63],
          "type": "WheelRotation",
          "wheel": "Color Wheel",
          "speed": "fast CCW",
          "switchChannels": {
            "Color wheel": "Color wheel speed CCW"
          }
        },
        {
          "dmxRange": [64, 79],
          "type": "Effect",
          "effectName": "Color change at every position",
          "switchChannels": {
            "Color wheel": "Color wheel position"
          }
        },
        {
          "dmxRange": [80, 111],
          "type": "WheelShake",
          "wheel": "Color Wheel",
          "switchChannels": {
            "Color wheel": "Color wheel: Color selection"
          }
        },
        {
          "dmxRange": [112, 255],
          "type": "NoFunction",
          "switchChannels": {
            "Color wheel": "Color wheel: Color selection"
          }
        }
      ]
    },
    "Color wheel: Color selection": {
      "capabilities": [
        {
          "dmxRange": [0, 27],
          "type": "WheelSlot",
          "wheel": "Color Wheel",
          "slotNumber": 1
        },
        {
          "dmxRange": [28, 55],
          "type": "WheelSlot",
          "wheel": "Color Wheel",
          "slotNumber": 2
        },
        {
          "dmxRange": [56, 83],
          "type": "WheelSlot",
          "wheel": "Color Wheel",
          "slotNumber": 3
        },
        {
          "dmxRange": [84, 111],
          "type": "WheelSlot",
          "wheel": "Color Wheel",
          "slotNumber": 4
        },
        {
          "dmxRange": [112, 139],
          "type": "WheelSlot",
          "wheel": "Color Wheel",
          "slotNumber": 5
        },
        {
          "dmxRange": [140, 167],
          "type": "WheelSlot",
          "wheel": "Color Wheel",
          "slotNumber": 6
        },
        {
          "dmxRange": [168, 195],
          "type": "WheelSlot",
          "wheel": "Color Wheel",
          "slotNumber": 7
        },
        {
          "dmxRange": [196, 223],
          "type": "WheelSlot",
          "wheel": "Color Wheel",
          "slotNumber": 8
        },
        {
          "dmxRange": [224, 255],
          "type": "WheelSlot",
          "wheel": "Color Wheel",
          "slotNumber": 9
        }
      ]
    },
    "Color wheel speed CW": {
      "capability": {
        "type": "WheelRotation",
        "wheel": "Color Wheel",
        "speedStart": "slow CW",
        "speedEnd": "fast CW"
      }
    },
    "Color wheel speed CCW": {
      "capability": {
        "type": "WheelRotation",
        "wheel": "Color Wheel",
        "speedStart": "slow CCW",
        "speedEnd": "fast CCW"
      }
    },
    "Color wheel position": {
      "capability": {
        "type": "WheelRotation",
        "wheel": "Color Wheel",
        "angleStart": "0deg",
        "angleEnd": "360deg"
      }
    },
    "Color wheel basic": {
      "name": "Color wheel",
      "capabilities": [
        {
          "dmxRange": [0, 5],
          "type": "WheelSlot",
          "wheel": "Color Wheel",
          "slotNumber": 1
        },
        {
          "dmxRange": [6, 11],
          "type": "WheelSlot",
          "wheel": "Color Wheel",
          "slotNumber": 2
        },
        {
          "dmxRange": [12, 17],
          "type": "WheelSlot",
          "wheel": "Color Wheel",
          "slotNumber": 3
        },
        {
          "dmxRange": [18, 23],
          "type": "WheelSlot",
          "wheel": "Color Wheel",
          "slotNumber": 4
        },
        {
          "dmxRange": [24, 29],
          "type": "WheelSlot",
          "wheel": "Color Wheel",
          "slotNumber": 5
        },
        {
          "dmxRange": [30, 35],
          "type": "WheelSlot",
          "wheel": "Color Wheel",
          "slotNumber": 6
        },
        {
          "dmxRange": [36, 41],
          "type": "WheelSlot",
          "wheel": "Color Wheel",
          "slotNumber": 7
        },
        {
          "dmxRange": [42, 47],
          "type": "WheelSlot",
          "wheel": "Color Wheel",
          "slotNumber": 8
        },
        {
          "dmxRange": [48, 53],
          "type": "WheelSlot",
          "wheel": "Color Wheel",
          "slotNumber": 9
        },
        {
          "dmxRange": [54, 59],
          "type": "WheelSlot",
          "wheel": "Color Wheel",
          "slotNumber": 1,
          "comment": "blackout at color change"
        },
        {
          "dmxRange": [60, 65],
          "type": "WheelSlot",
          "wheel": "Color Wheel",
          "slotNumber": 2,
          "comment": "blackout at color change"
        },
        {
          "dmxRange": [66, 71],
          "type": "WheelSlot",
          "wheel": "Color Wheel",
          "slotNumber": 3,
          "comment": "blackout at color change"
        },
        {
          "dmxRange": [72, 77],
          "type": "WheelSlot",
          "wheel": "Color Wheel",
          "slotNumber": 4,
          "comment": "blackout at color change"
        },
        {
          "dmxRange": [78, 83],
          "type": "WheelSlot",
          "wheel": "Color Wheel",
          "slotNumber": 5,
          "comment": "blackout at color change"
        },
        {
          "dmxRange": [84, 89],
          "type": "WheelSlot",
          "wheel": "Color Wheel",
          "slotNumber": 6,
          "comment": "blackout at color change"
        },
        {
          "dmxRange": [90, 95],
          "type": "WheelSlot",
          "wheel": "Color Wheel",
          "slotNumber": 7,
          "comment": "blackout at color change"
        },
        {
          "dmxRange": [96, 101],
          "type": "WheelSlot",
          "wheel": "Color Wheel",
          "slotNumber": 8,
          "comment": "blackout at color change"
        },
        {
          "dmxRange": [102, 106],
          "type": "WheelSlot",
          "wheel": "Color Wheel",
          "slotNumber": 9,
          "comment": "blackout at color change"
        },
        {
          "dmxRange": [107, 119],
          "type": "WheelShake",
          "wheel": "Color Wheel",
          "slotNumber": 1
        },
        {
          "dmxRange": [120, 132],
          "type": "WheelShake",
          "wheel": "Color Wheel",
          "slotNumber": 2
        },
        {
          "dmxRange": [133, 145],
          "type": "WheelShake",
          "wheel": "Color Wheel",
          "slotNumber": 3
        },
        {
          "dmxRange": [146, 158],
          "type": "WheelShake",
          "wheel": "Color Wheel",
          "slotNumber": 4
        },
        {
          "dmxRange": [159, 171],
          "type": "WheelShake",
          "wheel": "Color Wheel",
          "slotNumber": 5
        },
        {
          "dmxRange": [172, 184],
          "type": "WheelShake",
          "wheel": "Color Wheel",
          "slotNumber": 6
        },
        {
          "dmxRange": [185, 197],
          "type": "WheelShake",
          "wheel": "Color Wheel",
          "slotNumber": 7
        },
        {
          "dmxRange": [198, 210],
          "type": "WheelShake",
          "wheel": "Color Wheel",
          "slotNumber": 8
        },
        {
          "dmxRange": [211, 223],
          "type": "WheelShake",
          "wheel": "Color Wheel",
          "slotNumber": 9
        },
        {
          "dmxRange": [224, 239],
          "type": "WheelRotation",
          "wheel": "Color Wheel",
          "speedStart": "slow CW",
          "speedEnd": "fast CW",
          "comment": "Forwards rainbow effect"
        },
        {
          "dmxRange": [240, 255],
          "type": "WheelRotation",
          "wheel": "Color Wheel",
          "speedStart": "slow CCW",
          "speedEnd": "fast CCW",
          "comment": "Backwards rainbow effect"
        }
      ]
    },
    "Gobo wheel function": {
      "defaultValue": 0,
      "capabilities": [
        {
          "dmxRange": [0, 15],
          "type": "NoFunction",
          "comment": "Normal gobo change",
          "switchChannels": {
            "Gobo wheel": "Gobo wheel: Gobo selection"
          }
        },
        {
          "dmxRange": [16, 31],
          "type": "Maintenance",
          "comment": "Blackout at gobo change",
          "switchChannels": {
            "Gobo wheel": "Gobo wheel: Gobo selection"
          }
        },
        {
          "dmxRange": [32, 47],
          "type": "Effect",
          "effectName": "Rotating gobo wheel forwards",
          "switchChannels": {
            "Gobo wheel": "Gobo wheel speed CW"
          }
        },
        {
          "dmxRange": [48, 63],
          "type": "Effect",
          "effectName": "Rotating gobo wheel backwards",
          "switchChannels": {
            "Gobo wheel": "Gobo wheel speed CCW"
          }
        },
        {
          "dmxRange": [64, 79],
          "type": "Effect",
          "effectName": "Gobo change at every position",
          "switchChannels": {
            "Gobo wheel": "Gobo wheel position"
          }
        },
        {
          "dmxRange": [80, 95],
          "type": "WheelShake",
          "wheel": "Gobo Wheel",
          "switchChannels": {
            "Gobo wheel": "Gobo wheel: Gobo selection"
          }
        },
        {
          "dmxRange": [96, 255],
          "type": "NoFunction",
          "switchChannels": {
            "Gobo wheel": "Gobo wheel: Gobo selection"
          }
        }
      ]
    },
    "Gobo wheel: Gobo selection": {
      "capabilities": [
        {
          "dmxRange": [0, 31],
          "type": "WheelSlot",
          "wheel": "Gobo Wheel",
          "slotNumber": 1
        },
        {
          "dmxRange": [32, 63],
          "type": "WheelSlot",
          "wheel": "Gobo Wheel",
          "slotNumber": 2
        },
        {
          "dmxRange": [64, 95],
          "type": "WheelSlot",
          "wheel": "Gobo Wheel",
          "slotNumber": 3
        },
        {
          "dmxRange": [96, 127],
          "type": "WheelSlot",
          "wheel": "Gobo Wheel",
          "slotNumber": 4
        },
        {
          "dmxRange": [128, 159],
          "type": "WheelSlot",
          "wheel": "Gobo Wheel",
          "slotNumber": 5
        },
        {
          "dmxRange": [160, 191],
          "type": "WheelSlot",
          "wheel": "Gobo Wheel",
          "slotNumber": 6
        },
        {
          "dmxRange": [192, 223],
          "type": "WheelSlot",
          "wheel": "Gobo Wheel",
          "slotNumber": 7
        },
        {
          "dmxRange": [224, 255],
          "type": "WheelSlot",
          "wheel": "Gobo Wheel",
          "slotNumber": 8
        }
      ]
    },
    "Gobo wheel speed CW": {
      "capabilities": [
        {
          "dmxRange": [0, 7],
          "type": "WheelRotation",
          "wheel": "Gobo Wheel",
          "speed": "stop"
        },
        {
          "dmxRange": [8, 255],
          "type": "WheelRotation",
          "wheel": "Gobo Wheel",
          "speedStart": "slow CW",
          "speedEnd": "fast CW"
        }
      ]
    },
    "Gobo wheel speed CCW": {
      "capabilities": [
        {
          "dmxRange": [0, 7],
          "type": "WheelRotation",
          "wheel": "Gobo Wheel",
          "speed": "stop"
        },
        {
          "dmxRange": [8, 255],
          "type": "WheelRotation",
          "wheel": "Gobo Wheel",
          "speedStart": "slow CCW",
          "speedEnd": "fast CCW"
        }
      ]
    },
    "Gobo wheel position": {
      "capability": {
        "type": "WheelRotation",
        "wheel": "Gobo Wheel",
        "angleStart": "0deg",
        "angleEnd": "360deg"
      }
    },
    "Gobo wheel basic": {
      "name": "Gobo wheel",
      "capabilities": [
        {
          "dmxRange": [0, 5],
          "type": "WheelSlot",
          "wheel": "Gobo Wheel",
          "slotNumber": 1
        },
        {
          "dmxRange": [6, 11],
          "type": "WheelSlot",
          "wheel": "Gobo Wheel",
          "slotNumber": 2
        },
        {
          "dmxRange": [12, 17],
          "type": "WheelSlot",
          "wheel": "Gobo Wheel",
          "slotNumber": 3
        },
        {
          "dmxRange": [18, 23],
          "type": "WheelSlot",
          "wheel": "Gobo Wheel",
          "slotNumber": 4
        },
        {
          "dmxRange": [24, 29],
          "type": "WheelSlot",
          "wheel": "Gobo Wheel",
          "slotNumber": 5
        },
        {
          "dmxRange": [30, 35],
          "type": "WheelSlot",
          "wheel": "Gobo Wheel",
          "slotNumber": 6
        },
        {
          "dmxRange": [36, 41],
          "type": "WheelSlot",
          "wheel": "Gobo Wheel",
          "slotNumber": 7
        },
        {
          "dmxRange": [42, 47],
          "type": "WheelSlot",
          "wheel": "Gobo Wheel",
          "slotNumber": 8
        },
        {
          "dmxRange": [48, 53],
          "type": "WheelSlot",
          "wheel": "Gobo Wheel",
          "slotNumber": 1,
          "comment": "blackout at gobo change"
        },
        {
          "dmxRange": [54, 59],
          "type": "WheelSlot",
          "wheel": "Gobo Wheel",
          "slotNumber": 2,
          "comment": "blackout at gobo change"
        },
        {
          "dmxRange": [60, 65],
          "type": "WheelSlot",
          "wheel": "Gobo Wheel",
          "slotNumber": 3,
          "comment": "blackout at gobo change"
        },
        {
          "dmxRange": [66, 71],
          "type": "WheelSlot",
          "wheel": "Gobo Wheel",
          "slotNumber": 4,
          "comment": "blackout at gobo change"
        },
        {
          "dmxRange": [72, 77],
          "type": "WheelSlot",
          "wheel": "Gobo Wheel",
          "slotNumber": 5,
          "comment": "blackout at gobo change"
        },
        {
          "dmxRange": [78, 83],
          "type": "WheelSlot",
          "wheel": "Gobo Wheel",
          "slotNumber": 6,
          "comment": "blackout at gobo change"
        },
        {
          "dmxRange": [84, 89],
          "type": "WheelSlot",
          "wheel": "Gobo Wheel",
          "slotNumber": 7,
          "comment": "blackout at gobo change"
        },
        {
          "dmxRange": [90, 95],
          "type": "WheelSlot",
          "wheel": "Gobo Wheel",
          "slotNumber": 8,
          "comment": "blackout at gobo change"
        },
        {
          "dmxRange": [96, 97],
          "type": "NoFunction",
          "helpWanted": "This capability is not documented in the manual."
        },
        {
          "dmxRange": [98, 115],
          "type": "WheelShake",
          "wheel": "Gobo Wheel",
          "slotNumber": 2
        },
        {
          "dmxRange": [116, 133],
          "type": "WheelShake",
          "wheel": "Gobo Wheel",
          "slotNumber": 3
        },
        {
          "dmxRange": [134, 151],
          "type": "WheelShake",
          "wheel": "Gobo Wheel",
          "slotNumber": 4
        },
        {
          "dmxRange": [152, 169],
          "type": "WheelShake",
          "wheel": "Gobo Wheel",
          "slotNumber": 5
        },
        {
          "dmxRange": [170, 187],
          "type": "WheelShake",
          "wheel": "Gobo Wheel",
          "slotNumber": 6
        },
        {
          "dmxRange": [188, 205],
          "type": "WheelShake",
          "wheel": "Gobo Wheel",
          "slotNumber": 7
        },
        {
          "dmxRange": [206, 223],
          "type": "WheelShake",
          "wheel": "Gobo Wheel",
          "slotNumber": 8
        },
        {
          "dmxRange": [224, 224],
          "type": "WheelRotation",
          "wheel": "Gobo Wheel",
          "speed": "stop"
        },
        {
          "dmxRange": [225, 239],
          "type": "WheelRotation",
          "wheel": "Gobo Wheel",
          "speedStart": "slow CW",
          "speedEnd": "fast CW"
        },
        {
          "dmxRange": [240, 240],
          "type": "WheelRotation",
          "wheel": "Gobo Wheel",
          "speed": "stop"
        },
        {
          "dmxRange": [241, 255],
          "type": "WheelRotation",
          "wheel": "Gobo Wheel",
          "speedStart": "slow CCW",
          "speedEnd": "fast CCW"
        }
      ]
    },
    "Gobo rotation function": {
      "defaultValue": 0,
      "capabilities": [
        {
          "dmxRange": [0, 15],
          "type": "Effect",
          "effectName": "Gobo indexing",
          "switchChannels": {
            "Gobo rotation": "Gobo indexing"
          }
        },
        {
          "dmxRange": [16, 31],
          "type": "Effect",
          "effectName": "Rotating gobo wheel forwards",
          "switchChannels": {
            "Gobo rotation": "Gobo rotation speed CW"
          }
        },
        {
          "dmxRange": [32, 47],
          "type": "Effect",
          "effectName": "Rotating gobo wheel backwards",
          "switchChannels": {
            "Gobo rotation": "Gobo rotation speed CCW"
          }
        },
        {
          "dmxRange": [48, 63],
          "type": "Effect",
          "effectName": "Motion macro forwards",
          "switchChannels": {
            "Gobo rotation": "Motion macro speed"
          }
        },
        {
          "dmxRange": [64, 79],
          "type": "Effect",
          "effectName": "Motion macro forwards with blackout",
          "switchChannels": {
            "Gobo rotation": "Motion macro speed"
          }
        },
        {
          "dmxRange": [80, 95],
          "type": "Effect",
          "effectName": "Motion macro backwards",
          "switchChannels": {
            "Gobo rotation": "Motion macro speed"
          }
        },
        {
          "dmxRange": [96, 111],
          "type": "Effect",
          "effectName": "Motion macro backwards with blackout",
          "switchChannels": {
            "Gobo rotation": "Motion macro speed"
          }
        },
        {
          "dmxRange": [112, 255],
          "type": "NoFunction",
          "switchChannels": {
            "Gobo rotation": "Gobo indexing"
          }
        }
      ]
    },
    "Gobo indexing": {
      "capability": {
        "type": "WheelSlotRotation",
        "wheel": "Gobo Wheel",
        "angleStart": "0deg",
        "angleEnd": "360deg"
      }
    },
    "Gobo rotation speed CW": {
      "capabilities": [
        {
          "dmxRange": [0, 7],
          "type": "WheelSlotRotation",
          "wheel": "Gobo Wheel",
          "speed": "stop"
        },
        {
          "dmxRange": [8, 255],
          "type": "WheelSlotRotation",
          "wheel": "Gobo Wheel",
          "speedStart": "slow CW",
          "speedEnd": "fast CW"
        }
      ]
    },
    "Gobo rotation speed CCW": {
      "capabilities": [
        {
          "dmxRange": [0, 7],
          "type": "WheelSlotRotation",
          "wheel": "Gobo Wheel",
          "speed": "stop"
        },
        {
          "dmxRange": [8, 255],
          "type": "WheelSlotRotation",
          "wheel": "Gobo Wheel",
          "speedStart": "slow CCW",
          "speedEnd": "fast CCW"
        }
      ]
    },
    "Motion macro speed": {
      "capability": {
        "type": "EffectSpeed",
        "speedStart": "slow",
        "speedEnd": "fast"
      }
    },
    "Gobo rotation basic": {
      "name": "Gobo rotation",
      "capabilities": [
        {
          "dmxRange": [0, 191],
          "type": "WheelSlotRotation",
          "wheel": "Gobo Wheel",
          "angleStart": "0deg",
          "angleEnd": "360deg"
        },
        {
          "dmxRange": [192, 207],
          "type": "Effect",
          "effectName": "Motion macro forwards",
          "speedStart": "slow",
          "speedEnd": "fast"
        },
        {
          "dmxRange": [208, 223],
          "type": "Effect",
          "effectName": "Motion macro backwards",
          "speedStart": "slow reverse",
          "speedEnd": "fast reverse"
        },
        {
          "dmxRange": [224, 224],
          "type": "WheelSlotRotation",
          "wheel": "Gobo Wheel",
          "speed": "stop"
        },
        {
          "dmxRange": [225, 239],
          "type": "WheelSlotRotation",
          "wheel": "Gobo Wheel",
          "speedStart": "slow CW",
          "speedEnd": "fast CW"
        },
        {
          "dmxRange": [240, 240],
          "type": "WheelSlotRotation",
          "wheel": "Gobo Wheel",
          "speed": "stop"
        },
        {
          "dmxRange": [241, 255],
          "type": "WheelSlotRotation",
          "wheel": "Gobo Wheel",
          "speedStart": "slow CCW",
          "speedEnd": "fast CCW"
        }
      ]
    },
    "Prism": {
      "capabilities": [
        {
          "dmxRange": [0, 3],
          "type": "NoFunction"
        },
        {
          "dmxRange": [4, 127],
          "type": "Prism",
          "speedStart": "stop",
          "speedEnd": "fast CW"
        },
        {
          "dmxRange": [128, 255],
          "type": "Prism",
          "speedStart": "stop",
          "speedEnd": "fast CCW"
        }
      ]
    },
    "Focus": {
      "capability": {
        "type": "Focus",
        "distanceStart": "near",
        "distanceEnd": "far"
      }
    },
    "Reset, display control": {
      "capabilities": [
        {
          "dmxRange": [0, 7],
          "type": "NoFunction"
        },
        {
          "dmxRange": [8, 15],
          "type": "Maintenance",
          "comment": "Reset all motors"
        },
        {
          "dmxRange": [16, 23],
          "type": "Maintenance",
          "comment": "Reset Pan / Tilt"
        },
        {
          "dmxRange": [24, 31],
          "type": "Maintenance",
          "comment": "Reset colors"
        },
        {
          "dmxRange": [32, 39],
          "type": "Maintenance",
          "comment": "Reset gobo"
        },
        {
          "dmxRange": [40, 47],
          "type": "NoFunction"
        },
        {
          "dmxRange": [48, 55],
          "type": "Maintenance",
          "comment": "Reset other motors"
        },
        {
          "dmxRange": [56, 63],
          "type": "Maintenance",
          "comment": "Display off"
        },
        {
          "dmxRange": [64, 71],
          "type": "Maintenance",
          "comment": "Display on"
        },
        {
          "dmxRange": [72, 87],
          "type": "NoFunction"
        },
        {
          "dmxRange": [88, 95],
          "type": "Maintenance",
          "comment": "Hibernation"
        },
        {
          "dmxRange": [96, 255],
          "type": "NoFunction"
        }
      ]
    }
  },
  "modes": [
    {
      "name": "Standard",
      "shortName": "std",
      "channels": [
        "Pan",
        "Tilt",
        "Pan / Tilt Speed",
        "Pan / Tilt function",
        "Shutter / Strobe function",
        "Shutter / Strobe",
        "Dimmer intensity",
        "Color wheel function",
        "Color wheel",
        "Gobo wheel function",
        "Gobo wheel",
        "Gobo rotation function",
        "Gobo rotation",
        "Prism",
        "Focus",
        "Reset, display control"
      ]
    },
    {
      "name": "Extended",
      "shortName": "ext",
      "channels": [
        "Pan",
        "Pan fine",
        "Tilt",
        "Tilt fine",
        "Pan / Tilt Speed",
        "Pan / Tilt function",
        "Shutter / Strobe function",
        "Shutter / Strobe",
        "Dimmer intensity",
        "Color wheel function",
        "Color wheel",
        "Gobo wheel function",
        "Gobo wheel",
        "Gobo rotation function",
        "Gobo rotation",
        "Prism",
        "Focus",
        "Reset, display control"
      ]
    },
    {
      "name": "Basic 8 bit",
      "shortName": "bas8bit",
      "channels": [
        "Pan",
        "Tilt",
        "Pan / Tilt Speed",
        "Pan / Tilt function",
        "Shutter / Strobe basic",
        "Dimmer intensity",
        "Color wheel basic",
        "Gobo wheel basic",
        "Gobo rotation basic",
        "Prism",
        "Focus",
        "Reset, display control"
      ]
    },
    {
      "name": "Basic 16 bit",
      "shortName": "bas16bit",
      "channels": [
        "Pan",
        "Pan fine",
        "Tilt",
        "Tilt fine",
        "Pan / Tilt Speed",
        "Pan / Tilt function",
        "Shutter / Strobe basic",
        "Dimmer intensity",
        "Color wheel basic",
        "Gobo wheel basic",
        "Gobo rotation basic",
        "Prism",
        "Focus",
        "Reset, display control"
      ]
    }
  ],
  "fixtureKey": "dmh-75-i-led-moving-head",
  "manufacturerKey": "futurelight",
  "oflURL": "https://open-fixture-library.org/futurelight/dmh-75-i-led-moving-head"
}
