{
  "$schema": "https://raw.githubusercontent.com/OpenLightingProject/open-fixture-library/schema-12.5.0/schemas/fixture.json",
  "name": "SC-250 Scanner",
  "shortName": "FuturelightSC250",
  "categories": ["Scanner", "Color Changer"],
  "meta": {
    "authors": ["Felix Edelmann"],
    "createDate": "2017-12-21",
    "lastModifyDate": "2019-05-17"
  },
  "comment": "Note that the manual contains some mistakes that are corrected in this definition.",
  "links": {
    "manual": [
      "https://www.manualslib.de/manual/317298/Future-Light-Sc-250.html"
    ],
    "video": [
      "https://www.youtube.com/watch?v=OkrkEscJLDI"
    ]
  },
  "physical": {
    "dimensions": [280, 160, 470],
    "weight": 11.1,
    "power": 250,
    "DMXconnector": "3-pin",
    "bulb": {
      "type": "HIT 150 W"
    },
    "lens": {
      "degreesMinMax": [19, 19]
    }
  },
  "wheels": {
    "Color Wheel": {
      "slots": [
        {
          "type": "Open"
        },
        {
          "type": "Color",
          "name": "Turquoise",
          "colors": ["#40e0d0"]
        },
        {
          "type": "Color",
          "name": "Red",
          "colors": ["#ff0000"]
        },
        {
          "type": "Color",
          "name": "Cyan",
          "colors": ["#00ffff"]
        },
        {
          "type": "Color",
          "name": "Lightgreen",
          "colors": ["#90ee90"]
        },
        {
          "type": "Color",
          "name": "Magenta",
          "colors": ["#ff00ff"]
        },
        {
          "type": "Color",
          "name": "Lightblue",
          "colors": ["#66ccff"]
        },
        {
          "type": "Color",
          "name": "Yellow",
          "colors": ["#ffff00"]
        },
        {
          "type": "Color",
          "name": "Green",
          "colors": ["#00ff00"]
        },
        {
          "type": "Color",
          "name": "Pink",
          "colors": ["#ffaaaa"]
        },
        {
          "type": "Color",
          "name": "Blue",
          "colors": ["#0000ff"]
        },
        {
          "type": "Color",
          "name": "Orange",
          "colors": ["#ffaa00"]
        },
        {
          "type": "Color",
          "name": "UV",
          "colors": ["#7f1ae5"]
        },
        {
          "type": "Color",
          "name": "Red-Blue",
          "colors": ["#ff0000", "#0000ff"]
        },
        {
          "type": "Color",
          "name": "Yellow-Green",
          "colors": ["#ffff00", "#00ff00"]
        },
        {
          "type": "Color",
          "name": "Lightblue-Magenta",
          "colors": ["#66ccff", "#ff00ff"]
        }
      ]
    },
    "Gobo Wheel": {
      "direction": "CCW",
      "slots": [
        {
          "type": "Open"
        },
        {
          "type": "Gobo"
        },
        {
          "type": "Gobo"
        },
        {
          "type": "Gobo"
        },
        {
          "type": "Gobo"
        },
        {
          "type": "Gobo"
        },
        {
          "type": "Gobo"
        },
        {
          "type": "Gobo"
        },
        {
          "type": "Gobo"
        },
        {
          "type": "Gobo"
        }
      ]
    }
  },
  "availableChannels": {
    "Pan": {
      "defaultValue": 128,
      "capability": {
        "type": "Pan",
        "angleStart": "0%",
        "angleEnd": "100%"
      }
    },
    "Tilt": {
      "defaultValue": 128,
      "capability": {
        "type": "Tilt",
        "angleStart": "0%",
        "angleEnd": "100%"
      }
    },
    "Color Wheel": {
      "capabilities": [
        {
          "dmxRange": [0, 7],
          "type": "WheelSlot",
          "slotNumber": 1
        },
        {
          "dmxRange": [8, 15],
          "type": "WheelSlot",
          "slotNumber": 2
        },
        {
          "dmxRange": [16, 23],
          "type": "WheelSlot",
          "slotNumber": 3
        },
        {
          "dmxRange": [24, 31],
          "type": "WheelSlot",
          "slotNumber": 4
        },
        {
          "dmxRange": [32, 39],
          "type": "WheelSlot",
          "slotNumber": 5
        },
        {
          "dmxRange": [40, 47],
          "type": "WheelSlot",
          "slotNumber": 6
        },
        {
          "dmxRange": [48, 55],
          "type": "WheelSlot",
          "slotNumber": 7
        },
        {
          "dmxRange": [56, 63],
          "type": "WheelSlot",
          "slotNumber": 8
        },
        {
          "dmxRange": [64, 71],
          "type": "WheelSlot",
          "slotNumber": 9
        },
        {
          "dmxRange": [72, 79],
          "type": "WheelSlot",
          "slotNumber": 10
        },
        {
          "dmxRange": [80, 87],
          "type": "WheelSlot",
          "slotNumber": 11
        },
        {
          "dmxRange": [88, 95],
          "type": "WheelSlot",
          "slotNumber": 12
        },
        {
          "dmxRange": [96, 103],
          "type": "WheelSlot",
          "slotNumber": 13
        },
        {
          "dmxRange": [104, 111],
          "type": "WheelSlot",
          "slotNumber": 14
        },
        {
          "dmxRange": [112, 119],
          "type": "WheelSlot",
          "slotNumber": 15
        },
        {
          "dmxRange": [120, 127],
          "type": "WheelSlot",
          "slotNumber": 16
        },
        {
          "dmxRange": [128, 190],
          "type": "WheelRotation",
          "speedStart": "fast CW",
          "speedEnd": "slow CW",
          "comment": "Rainbow Effect"
        },
        {
          "dmxRange": [191, 192],
          "type": "WheelRotation",
          "speed": "stop"
        },
        {
          "dmxRange": [193, 255],
          "type": "WheelRotation",
          "speedStart": "slow CCW",
          "speedEnd": "fast CCW",
          "comment": "Rainbow Effect"
        }
      ]
    },
    "Gobo Wheel": {
      "capabilities": [
        {
          "dmxRange": [0, 23],
          "type": "WheelSlot",
          "slotNumber": 1
        },
        {
          "dmxRange": [24, 47],
          "type": "WheelSlot",
          "slotNumber": 2
        },
        {
          "dmxRange": [48, 79],
          "type": "WheelSlot",
          "slotNumber": 3
        },
        {
          "dmxRange": [80, 103],
          "type": "WheelSlot",
          "slotNumber": 4
        },
        {
          "dmxRange": [104, 127],
          "type": "WheelSlot",
          "slotNumber": 5
        },
        {
          "dmxRange": [128, 151],
          "type": "WheelSlot",
          "slotNumber": 6
        },
        {
          "dmxRange": [152, 175],
          "type": "WheelSlot",
          "slotNumber": 7
        },
        {
          "dmxRange": [176, 207],
          "type": "WheelSlot",
          "slotNumber": 8
        },
        {
          "dmxRange": [208, 231],
          "type": "WheelSlot",
          "slotNumber": 9
        },
        {
          "dmxRange": [232, 255],
          "type": "WheelSlot",
          "slotNumber": 10
        }
      ]
    },
    "Gobo Indexing / Rotation": {
      "capabilities": [
        {
          "dmxRange": [0, 127],
          "type": "WheelSlotRotation",
          "wheel": "Gobo Wheel",
          "angleStart": "0deg",
          "angleEnd": "360deg"
        },
        {
          "dmxRange": [128, 191],
          "type": "WheelSlotRotation",
          "wheel": "Gobo Wheel",
          "speedStart": "fast CW",
          "speedEnd": "slow CW"
        },
        {
          "dmxRange": [192, 193],
          "type": "WheelSlotRotation",
          "wheel": "Gobo Wheel",
          "speed": "stop"
        },
        {
          "dmxRange": [194, 255],
          "type": "WheelSlotRotation",
          "wheel": "Gobo Wheel",
          "speedStart": "slow CCW",
          "speedEnd": "fast CCW"
        }
      ]
    },
    "Shutter / Strobe": {
      "capabilities": [
        {
          "dmxRange": [0, 31],
          "type": "ShutterStrobe",
          "shutterEffect": "Closed"
        },
        {
          "dmxRange": [32, 63],
          "type": "Intensity",
          "brightnessStart": "0%",
          "brightnessEnd": "100%"
        },
        {
          "dmxRange": [64, 95],
          "type": "ShutterStrobe",
          "shutterEffect": "Open"
        },
        {
          "dmxRange": [96, 127],
          "type": "ShutterStrobe",
          "shutterEffect": "Strobe",
          "speedStart": "0Hz",
          "speedEnd": "8Hz"
        },
        {
          "dmxRange": [128, 139],
          "type": "Maintenance",
          "comment": "Reset"
        },
        {
          "dmxRange": [140, 159],
          "type": "ShutterStrobe",
          "shutterEffect": "Closed"
        },
        {
          "dmxRange": [160, 175],
          "type": "ShutterStrobe",
          "shutterEffect": "Pulse",
          "speedStart": "slow",
          "speedEnd": "fast",
          "comment": "in sequences"
        },
        {
          "dmxRange": [176, 191],
          "type": "ShutterStrobe",
          "shutterEffect": "Pulse",
          "speedStart": "fast",
          "speedEnd": "slow",
          "comment": "in sequences"
        },
        {
          "dmxRange": [192, 223],
          "type": "ShutterStrobe",
          "shutterEffect": "Strobe",
          "speedStart": "slow",
          "speedEnd": "fast",
          "randomTiming": true
        },
        {
          "dmxRange": [224, 255],
          "type": "ShutterStrobe",
          "shutterEffect": "Open"
        }
      ]
    }
  },
  "modes": [
    {
      "name": "6-channel",
      "shortName": "6ch",
      "channels": [
        "Pan",
        "Tilt",
        "Color Wheel",
        "Gobo Wheel",
        "Gobo Indexing / Rotation",
        "Shutter / Strobe"
      ]
    }
  ],
  "fixtureKey": "sc-250-scanner",
  "manufacturerKey": "futurelight",
  "oflURL": "https://open-fixture-library.org/futurelight/sc-250-scanner"
}
