{
  "$schema": "https://raw.githubusercontent.com/OpenLightingProject/open-fixture-library/schema-12.5.0/schemas/fixture.json",
  "name": "JBLED A7",
  "categories": ["Moving Head", "Color Changer"],
  "meta": {
    "authors": ["Swiftb0y"],
    "createDate": "2019-11-29",
    "lastModifyDate": "2019-11-29"
  },
  "comment": "Wash RGB LED Moving Head",
  "links": {
    "manual": [
      "https://www.jb-lighting.de/download/Handbuch/JBLED_A7_Manual.pdf"
    ],
    "video": [
      "https://www.youtube.com/watch?v=OBVMcR1yKqw",
      "https://www.youtube.com/watch?v=T8IXQbxDiQI"
    ]
  },
  "physical": {
    "dimensions": [315, 388, 200],
    "weight": 8.9,
    "power": 350,
    "DMXconnector": "3-pin and 5-pin",
    "bulb": {
      "type": "LED"
    }
  },
  "availableChannels": {
    "Pan": {
      "fineChannelAliases": ["Pan fine"],
      "capability": {
        "type": "Pan",
        "angleEnd": "0deg",
        "angleStart": "430deg"
      }
    },
    "Tilt": {
      "fineChannelAliases": ["Tilt fine"],
      "capability": {
        "type": "Tilt",
        "angleStart": "0deg",
        "angleEnd": "300deg"
      }
    },
    "Control": {
      "capabilities": [
        {
          "dmxRange": [0, 7],
          "type": "ColorTemperature",
          "colorTemperature": "default",
          "comment": "full output power"
        },
        {
          "dmxRange": [8, 15],
          "type": "ColorTemperature",
          "colorTemperature": "8500K"
        },
        {
          "dmxRange": [16, 23],
          "type": "ColorTemperature",
          "colorTemperature": "6500K"
        },
        {
          "dmxRange": [24, 31],
          "type": "Effect",
          "effectName": "Linear color balance for color picker function"
        },
        {
          "dmxRange": [32, 207],
          "type": "NoFunction"
        },
        {
          "dmxRange": [208, 215],
          "type": "Maintenance",
          "comment": "Camera mode 50Hz",
          "hold": "2s"
        },
        {
          "dmxRange": [216, 223],
          "type": "Maintenance",
          "comment": "Camera mode 60Hz",
          "hold": "2s"
        },
        {
          "dmxRange": [224, 231],
          "type": "Maintenance",
          "comment": "Camera mode flex (use device setting)",
          "hold": "2s"
        },
        {
          "dmxRange": [232, 239],
          "type": "NoFunction"
        },
        {
          "dmxRange": [240, 247],
          "type": "Maintenance",
          "comment": "Reset",
          "hold": "2s"
        },
        {
          "dmxRange": [248, 255],
          "type": "NoFunction"
        }
      ]
    },
    "Shutter": {
      "capabilities": [
        {
          "dmxRange": [0, 15],
          "type": "ShutterStrobe",
          "shutterEffect": "Closed"
        },
        {
          "dmxRange": [16, 95],
          "type": "ShutterStrobe",
          "shutterEffect": "Open"
        },
        {
          "dmxRange": [96, 110],
          "type": "ShutterStrobe",
          "shutterEffect": "RampUp",
          "speed": "fast",
          "durationStart": "0.6s",
          "durationEnd": "4.8s"
        },
        {
          "dmxRange": [111, 111],
          "type": "ShutterStrobe",
          "shutterEffect": "Open"
        },
        {
          "dmxRange": [112, 125],
          "type": "ShutterStrobe",
          "shutterEffect": "Pulse",
          "speedStart": "slow",
          "speedEnd": "fast",
          "comment": "fade effect with dimmer"
        },
        {
          "dmxRange": [126, 126],
          "type": "ShutterStrobe",
          "shutterEffect": "Open"
        },
        {
          "dmxRange": [127, 127],
          "type": "ShutterStrobe",
          "shutterEffect": "Closed"
        },
        {
          "dmxRange": [128, 142],
          "type": "ShutterStrobe",
          "shutterEffect": "RampUp",
          "speed": "slow",
          "durationStart": "0.6s",
          "durationEnd": "4.8s"
        },
        {
          "dmxRange": [143, 143],
          "type": "ShutterStrobe",
          "shutterEffect": "Open"
        },
        {
          "dmxRange": [144, 158],
          "type": "ShutterStrobe",
          "shutterEffect": "RampDown",
          "durationStart": "0.6s",
          "durationEnd": "4.6s"
        },
        {
          "dmxRange": [159, 159],
          "type": "ShutterStrobe",
          "shutterEffect": "Closed"
        },
        {
          "dmxRange": [160, 174],
          "type": "ShutterStrobe",
          "shutterEffect": "Strobe",
          "speed": "0%",
          "durationStart": "0.6s",
          "durationEnd": "4.8s"
        },
        {
          "dmxRange": [175, 175],
          "type": "ShutterStrobe",
          "shutterEffect": "Open"
        },
        {
          "dmxRange": [176, 190],
          "type": "ShutterStrobe",
          "shutterEffect": "Strobe",
          "speed": "100%",
          "durationStart": "0.6s",
          "durationEnd": "4.8s"
        },
        {
          "dmxRange": [191, 191],
          "type": "ShutterStrobe",
          "shutterEffect": "Closed"
        },
        {
          "dmxRange": [192, 206],
          "type": "ShutterStrobe",
          "shutterEffect": "Strobe",
          "speed": "100%",
          "durationStart": "0.6s",
          "durationEnd": "4.8s",
          "randomTiming": true
        },
        {
          "dmxRange": [207, 207],
          "type": "ShutterStrobe",
          "shutterEffect": "Open"
        },
        {
          "dmxRange": [208, 222],
          "type": "ShutterStrobe",
          "shutterEffect": "Strobe",
          "speed": "0%",
          "durationStart": "0.6s",
          "durationEnd": "4.8s",
          "randomTiming": true
        },
        {
          "dmxRange": [223, 223],
          "type": "ShutterStrobe",
          "shutterEffect": "Closed"
        },
        {
          "dmxRange": [224, 238],
          "type": "ShutterStrobe",
          "shutterEffect": "Pulse",
          "speed": "0%",
          "durationStart": "0.6s",
          "durationEnd": "4.8s",
          "randomTiming": true
        },
        {
          "dmxRange": [239, 239],
          "type": "ShutterStrobe",
          "shutterEffect": "Open"
        },
        {
          "dmxRange": [240, 254],
          "type": "ShutterStrobe",
          "shutterEffect": "Pulse",
          "speed": "100%",
          "durationStart": "0.6s",
          "durationEnd": "4.8s",
          "randomTiming": true
        },
        {
          "dmxRange": [255, 255],
          "type": "ShutterStrobe",
          "shutterEffect": "Open"
        }
      ]
    },
    "Dimmer": {
      "capability": {
        "type": "Intensity",
        "brightnessStart": "0%",
        "brightnessEnd": "100%"
      }
    },
    "Zoom": {
      "defaultValue": 25,
      "capability": {
        "type": "Zoom",
        "angleStart": "12deg",
        "angleEnd": "36deg",
        "comment": "1/10 peak measurement"
      }
    },
    "Red": {
      "fineChannelAliases": ["Red fine"],
      "capability": {
        "type": "ColorIntensity",
        "color": "Red"
      }
    },
    "Green": {
      "fineChannelAliases": ["Green fine"],
      "capability": {
        "type": "ColorIntensity",
        "color": "Green"
      }
    },
    "Blue": {
      "fineChannelAliases": ["Blue fine"],
      "capability": {
        "type": "ColorIntensity",
        "color": "Blue"
      }
    },
    "CTC": {
      "capability": {
        "type": "ColorTemperature",
        "colorTemperatureStart": "2900K",
        "colorTemperatureEnd": "6000K"
      }
    },
    "Virtual Color Wheel": {
      "capabilities": [
        {
          "dmxRange": [0, 1],
          "type": "NoFunction"
        },
        {
          "dmxRange": [2, 3],
          "type": "ColorPreset",
          "comment": "White",
          "colors": ["#ffffff"]
        },
        {
          "dmxRange": [4, 7],
          "type": "ColorPreset",
          "comment": "White / Red",
          "colors": ["#ffffff", "#ff0000"]
        },
        {
          "dmxRange": [8, 11],
          "type": "ColorPreset",
          "comment": "Red",
          "colors": ["#ff0000"]
        },
        {
          "dmxRange": [12, 15],
          "type": "ColorPreset",
          "comment": "Red / Yellow",
          "colors": ["#ff0000", "#ffff00"]
        },
        {
          "dmxRange": [16, 19],
          "type": "ColorPreset",
          "comment": "Yellow",
          "colors": ["#ffff00"]
        },
        {
          "dmxRange": [20, 23],
          "type": "ColorPreset",
          "comment": "Yellow / Magenta",
          "colors": ["#ffff00", "#ff00ff"]
        },
        {
          "dmxRange": [24, 27],
          "type": "ColorPreset",
          "comment": "Magenta",
          "colors": ["#ff00ff"]
        },
        {
          "dmxRange": [28, 31],
          "type": "ColorPreset",
          "comment": "Magenta / Green",
          "colors": ["#ff00ff", "#00ff00"]
        },
        {
          "dmxRange": [32, 35],
          "type": "ColorPreset",
          "comment": "Green",
          "colors": ["#00ff00"]
        },
        {
          "dmxRange": [36, 39],
          "type": "ColorPreset",
          "comment": "Green / Amber",
          "colors": ["#00ff00", "#ffbf00"]
        },
        {
          "dmxRange": [40, 43],
          "type": "ColorPreset",
          "comment": "Amber",
          "colors": ["#ffbf00"]
        },
        {
          "dmxRange": [44, 47],
          "type": "ColorPreset",
          "comment": "Amber / Blue",
          "colors": ["#ffbf00", "#0000ff"]
        },
        {
          "dmxRange": [48, 51],
          "type": "ColorPreset",
          "comment": "Blue",
          "colors": ["#0000ff"]
        },
        {
          "dmxRange": [52, 55],
          "type": "ColorPreset",
          "comment": "Blue / Cyan",
          "colors": ["#0000ff", "#00ffff"]
        },
        {
          "dmxRange": [56, 59],
          "type": "ColorPreset",
          "comment": "Cyan",
          "colors": ["#00ffff"]
        },
        {
          "dmxRange": [60, 63],
          "type": "ColorPreset",
          "comment": "Cyan / White",
          "colors": ["#00ffff", "#ffffff"]
        },
        {
          "dmxRange": [64, 191],
          "type": "ColorPreset",
          "comment": "White … Red … Yellow … Magenta … Green … Amber … Blue … Cyan … White",
          "colorsStart": ["#ffffff"],
          "colorsEnd": ["#ffffff"],
          "helpWanted": "It would be helpful to split up this capability into individual ranges. At which DMX values are the full-color stops located?"
        },
        {
          "dmxRange": [192, 222],
          "type": "Effect",
          "effectPreset": "ColorFade",
          "speedStart": "fast",
          "speedEnd": "slow"
        },
        {
          "dmxRange": [223, 224],
          "type": "Effect",
          "effectPreset": "ColorFade",
          "speed": "stop"
        },
        {
          "dmxRange": [225, 255],
          "type": "Effect",
          "effectPreset": "ColorFade",
          "speedStart": "slow reverse",
          "speedEnd": "fast reverse"
        }
      ]
    },
    "Pan/Tilt Speed": {
      "capabilities": [
        {
          "dmxRange": [0, 3],
          "type": "PanTiltSpeed",
          "duration": "instant"
        },
        {
          "dmxRange": [4, 255],
          "type": "PanTiltSpeed",
          "speedStart": "fast",
          "speedEnd": "slow"
        }
      ]
    },
    "Effects Delay": {
      "capabilities": [
        {
          "dmxRange": [0, 3],
          "type": "Time",
          "time": "instant"
        },
        {
          "dmxRange": [4, 255],
          "type": "EffectSpeed",
          "speedStart": "fast",
          "speedEnd": "slow"
        }
      ]
    },
    "Blackout Move": {
      "capabilities": [
        {
          "dmxRange": [0, 95],
          "type": "NoFunction"
        },
        {
          "dmxRange": [96, 127],
          "type": "Maintenance",
          "comment": "black out at pan/tilt moves"
        },
        {
          "dmxRange": [128, 159],
          "type": "Maintenance",
          "comment": "black out at color changing"
        },
        {
          "dmxRange": [160, 223],
          "type": "NoFunction"
        },
        {
          "dmxRange": [224, 255],
          "type": "Maintenance",
          "comment": "black out at color changes and pan/tilt moves. Dimmer fade",
          "parameterStart": "slow",
          "parameterEnd": "fast"
        }
      ]
    }
  },
  "modes": [
    {
      "name": "Standard 8bit",
      "shortName": "S8",
      "channels": [
        "Pan",
        "Pan fine",
        "Tilt",
        "Tilt fine",
        "Control",
        "Shutter",
        "Dimmer",
        "Zoom",
        "Red",
        "Green",
        "Blue",
        "CTC",
        "Virtual Color Wheel",
        "Pan/Tilt Speed",
        "Effects Delay",
        "Blackout Move"
      ]
    },
    {
      "name": "Standard 16bit",
      "shortName": "S16",
      "channels": [
        "Pan",
        "Pan fine",
        "Tilt",
        "Tilt fine",
        "Control",
        "Shutter",
        "Dimmer",
        "Zoom",
        "Red",
        "Red fine",
        "Green",
        "Green fine",
        "Blue",
        "Blue fine",
        "CTC",
        "Virtual Color Wheel",
        "Pan/Tilt Speed",
        "Effects Delay",
        "Blackout Move"
      ]
    },
    {
      "name": "Compressed 8bit",
      "shortName": "C8",
      "channels": [
        "Pan",
        "Pan fine",
        "Tilt",
        "Tilt fine",
        "Control",
        "Shutter",
        "Dimmer",
        "Zoom",
        "Red",
        "Green",
        "Blue",
        "CTC"
      ]
    },
    {
      "name": "Compressed 16bit",
      "shortName": "C16",
      "channels": [
        "Pan",
        "Pan fine",
        "Tilt",
        "Tilt fine",
        "Control",
        "Shutter",
        "Dimmer",
        "Zoom",
        "Red",
        "Red fine",
        "Green",
        "Green fine",
        "Blue",
        "Blue fine",
        "CTC"
      ]
    }
  ],
  "fixtureKey": "jbled-a7",
  "manufacturerKey": "jb-lighting",
  "oflURL": "https://open-fixture-library.org/jb-lighting/jbled-a7"
}
