{
  "$schema": "https://raw.githubusercontent.com/OpenLightingProject/open-fixture-library/schema-12.5.0/schemas/fixture.json",
  "name": "Ovation F-915VW",
  "shortName": "ChauvetOvationF915VW",
  "categories": ["Color Changer", "Dimmer", "Strobe"],
  "meta": {
    "authors": ["Nicolas"],
    "createDate": "2019-04-06",
    "lastModifyDate": "2019-04-06"
  },
  "links": {
    "manual": [
      "https://www.chauvetprofessional.com/wp-content/uploads/2017/11/Ovation_F-915VW_UM_Rev1_WO.pdf"
    ],
    "productPage": [
      "https://www.chauvetprofessional.com/products/ovation-f-915vw/"
    ],
    "video": [
      "https://www.youtube.com/watch?v=bSrkOqNl9SI"
    ]
  },
  "physical": {
    "dimensions": [320, 275, 569.44],
    "weight": 8.5,
    "power": 223,
    "DMXconnector": "3-pin and 5-pin",
    "bulb": {
      "type": "89× 3W LED (6× red, 15× orange-red, 8× green, 12× blue, 16× royal blue, 32× lime)",
      "lumens": 6792
    },
    "lens": {
      "name": "Fresnel",
      "degreesMinMax": [17, 54]
    }
  },
  "availableChannels": {
    "Dimmer": {
      "fineChannelAliases": ["Dimmer fine"],
      "capability": {
        "type": "Intensity"
      }
    },
    "Red": {
      "fineChannelAliases": ["Red fine"],
      "capability": {
        "type": "ColorIntensity",
        "color": "Red"
      }
    },
    "Orange": {
      "fineChannelAliases": ["Orange fine"],
      "capability": {
        "type": "ColorIntensity",
        "color": "Amber"
      }
    },
    "Green": {
      "fineChannelAliases": ["Green fine"],
      "capability": {
        "type": "ColorIntensity",
        "color": "Green"
      }
    },
    "Royal Blue": {
      "fineChannelAliases": ["Royal Blue fine"],
      "capability": {
        "type": "ColorIntensity",
        "color": "Blue"
      }
    },
    "Blue": {
      "fineChannelAliases": ["Blue fine"],
      "capability": {
        "type": "ColorIntensity",
        "color": "Blue"
      }
    },
    "Lime": {
      "fineChannelAliases": ["Lime fine"],
      "capability": {
        "type": "ColorIntensity",
        "color": "Lime"
      }
    },
    "Strobe": {
      "capabilities": [
        {
          "dmxRange": [0, 10],
          "type": "NoFunction"
        },
        {
          "dmxRange": [11, 255],
          "type": "ShutterStrobe",
          "shutterEffect": "Strobe",
          "speedStart": "0Hz",
          "speedEnd": "27Hz"
        }
      ]
    },
    "Color Temperature": {
      "capabilities": [
        {
          "dmxRange": [0, 5],
          "type": "NoFunction"
        },
        {
          "dmxRange": [6, 244],
          "type": "ColorTemperature",
          "colorTemperatureStart": "2800K",
          "colorTemperatureEnd": "8000K"
        },
        {
          "dmxRange": [245, 255],
          "type": "ColorTemperature",
          "colorTemperature": "8000K"
        }
      ]
    },
    "Hue": {
      "capability": {
        "type": "Generic",
        "comment": "-25° … 25°"
      }
    },
    "Zoom": {
      "capability": {
        "type": "Zoom",
        "angleStart": "17deg",
        "angleEnd": "54deg"
      }
    },
    "Dimmer Speed Mode": {
      "capabilities": [
        {
          "dmxRange": [0, 51],
          "type": "NoFunction"
        },
        {
          "dmxRange": [52, 101],
          "type": "Maintenance",
          "hold": "3s",
          "comment": "Dimmer speed mode off"
        },
        {
          "dmxRange": [102, 152],
          "type": "Maintenance",
          "hold": "3s",
          "comment": "Dimmer speed mode 1"
        },
        {
          "dmxRange": [153, 203],
          "type": "Maintenance",
          "hold": "3s",
          "comment": "Dimmer speed mode 2"
        },
        {
          "dmxRange": [204, 255],
          "type": "Maintenance",
          "hold": "3s",
          "comment": "Dimmer speed mode 3"
        }
      ]
    },
    "Motor Reset": {
      "capabilities": [
        {
          "dmxRange": [0, 200],
          "type": "NoFunction"
        },
        {
          "dmxRange": [201, 220],
          "type": "Maintenance",
          "comment": "Motor Reset"
        },
        {
          "dmxRange": [221, 255],
          "type": "NoFunction"
        }
      ]
    }
  },
  "modes": [
    {
      "name": "18-channel",
      "shortName": "18ch",
      "channels": [
        "Dimmer",
        "Dimmer fine",
        "Red",
        "Red fine",
        "Orange",
        "Orange fine",
        "Green",
        "Green fine",
        "Royal Blue",
        "Royal Blue fine",
        "Blue",
        "Blue fine",
        "Lime",
        "Lime fine",
        "Strobe",
        "Color Temperature",
        "Hue",
        "Zoom"
      ]
    },
    {
      "name": "16-channel",
      "shortName": "16ch",
      "channels": [
        "Dimmer",
        "Dimmer fine",
        "Red",
        "Red fine",
        "Orange",
        "Orange fine",
        "Green",
        "Green fine",
        "Royal Blue",
        "Royal Blue fine",
        "Blue",
        "Blue fine",
        "Lime",
        "Lime fine",
        "Strobe",
        "Zoom"
      ]
    },
    {
      "name": "13-channel",
      "shortName": "13ch",
      "channels": [
        "Dimmer",
        "Red",
        "Orange",
        "Green",
        "Royal Blue",
        "Blue",
        "Lime",
        "Strobe",
        "Color Temperature",
        "Hue",
        "Dimmer Speed Mode",
        "Zoom",
        "Motor Reset"
      ]
    },
    {
      "name": "9-channel",
      "shortName": "9ch",
      "channels": [
        "Dimmer",
        "Red",
        "Orange",
        "Green",
        "Royal Blue",
        "Blue",
        "Lime",
        "Strobe",
        "Zoom"
      ]
    },
    {
      "name": "7-channel",
      "shortName": "7ch",
      "channels": [
        "Red",
        "Orange",
        "Green",
        "Royal Blue",
        "Blue",
        "Lime",
        "Zoom"
      ]
    },
    {
      "name": "6-channel",
      "shortName": "6ch",
      "channels": [
        "Dimmer",
        "Dimmer fine",
        "Color Temperature",
        "Hue",
        "Zoom",
        "Strobe"
      ]
    },
    {
      "name": "4-channel",
      "shortName": "4ch",
      "channels": [
        "Dimmer",
        "Color Temperature",
        "Hue",
        "Zoom"
      ]
    }
  ],
  "fixtureKey": "ovation-f-915vw",
  "manufacturerKey": "chauvet-professional",
  "oflURL": "https://open-fixture-library.org/chauvet-professional/ovation-f-915vw"
}
