{
  "$schema": "https://raw.githubusercontent.com/OpenLightingProject/open-fixture-library/schema-12.5.0/schemas/fixture.json",
  "name": "DMX-4",
  "categories": ["Dimmer"],
  "meta": {
    "authors": ["JEM", "Ken Harris"],
    "createDate": "2022-03-15",
    "lastModifyDate": "2022-03-15"
  },
  "links": {
    "manual": [
      "https://www.chauvetdj.com/wp-content/uploads/2015/12/DMX-4_UM_Rev3_WO-1.pdf"
    ],
    "productPage": [
      "https://www.chauvetdj.com/products/dmx-4/"
    ]
  },
  "physical": {
    "dimensions": [210, 194, 70],
    "weight": 2.2,
    "DMXconnector": "3-pin"
  },
  "matrix": {
    "pixelCount": [
      4,
      1,
      1
    ],
    "pixelGroups": {
      "Master": "all",
      "1+2": [
        "1",
        "2"
      ],
      "3+4": [
        "3",
        "4"
      ]
    }
  },
  "templateChannels": {
    "Dimmer $pixelKey": {
      "capability": {
        "type": "Intensity",
        "brightnessStart": "0%",
        "brightnessEnd": "100%"
      }
    }
  },
  "modes": [
    {
      "name": "1-channel",
      "shortName": "1ch",
      "channels": [
        "Dimmer Master"
      ]
    },
    {
      "name": "2-channel",
      "shortName": "2ch",
      "channels": [
        "Dimmer 1+2",
        "Dimmer 3+4"
      ]
    },
    {
      "name": "4-channel",
      "shortName": "4ch",
      "channels": [
        "Dimmer 1",
        "Dimmer 2",
        "Dimmer 3",
        "Dimmer 4"
      ]
    }
  ],
  "fixtureKey": "dmx-4",
  "manufacturerKey": "chauvet-dj",
  "oflURL": "https://open-fixture-library.org/chauvet-dj/dmx-4"
}
