{
  "$schema": "https://raw.githubusercontent.com/OpenLightingProject/open-fixture-library/schema-12.5.0/schemas/fixture.json",
  "name": "Hurricane Haze 2D",
  "categories": ["Hazer"],
  "meta": {
    "authors": ["Tryll"],
    "createDate": "2022-11-19",
    "lastModifyDate": "2022-11-19"
  },
  "links": {
    "manual": [
      "https://www.chauvetdj.com/wp-content/uploads/2015/12/Hurricane_Haze_2D_UM_Rev12_WO-1.pdf"
    ],
    "productPage": [
      "https://www.chauvetdj.com/products/hurricane-haze-2d/"
    ]
  },
  "physical": {
    "dimensions": [267, 350, 285],
    "weight": 8.5,
    "power": 533,
    "DMXconnector": "3-pin"
  },
  "availableChannels": {
    "Blower Speed": {
      "capabilities": [
        {
          "dmxRange": [0, 5],
          "type": "Speed",
          "speed": "stop"
        },
        {
          "dmxRange": [6, 75],
          "type": "Speed",
          "speed": "20%"
        },
        {
          "dmxRange": [76, 125],
          "type": "Speed",
          "speed": "40%"
        },
        {
          "dmxRange": [126, 165],
          "type": "Speed",
          "speed": "60%"
        },
        {
          "dmxRange": [166, 185],
          "type": "Speed",
          "speed": "80%"
        },
        {
          "dmxRange": [186, 255],
          "type": "Speed",
          "speed": "100%"
        }
      ]
    },
    "Haze Volume": {
      "capabilities": [
        {
          "dmxRange": [0, 38],
          "type": "Fog",
          "fogType": "Haze",
          "fogOutput": "off"
        },
        {
          "dmxRange": [39, 69],
          "type": "Fog",
          "fogType": "Haze",
          "fogOutput": "20%"
        },
        {
          "dmxRange": [70, 101],
          "type": "Fog",
          "fogType": "Haze",
          "fogOutput": "40%"
        },
        {
          "dmxRange": [102, 132],
          "type": "Fog",
          "fogType": "Haze",
          "fogOutput": "60%"
        },
        {
          "dmxRange": [133, 187],
          "type": "Fog",
          "fogType": "Haze",
          "fogOutput": "80%"
        },
        {
          "dmxRange": [188, 255],
          "type": "Fog",
          "fogType": "Haze",
          "fogOutput": "100%"
        }
      ]
    }
  },
  "modes": [
    {
      "name": "2ch",
      "channels": [
        "Blower Speed",
        "Haze Volume"
      ]
    }
  ],
  "fixtureKey": "hurricane-haze-2d",
  "manufacturerKey": "chauvet-dj",
  "oflURL": "https://open-fixture-library.org/chauvet-dj/hurricane-haze-2d"
}
