{
  "$schema": "https://raw.githubusercontent.com/OpenLightingProject/open-fixture-library/schema-12.5.0/schemas/fixture.json",
  "name": "Intimidator Spot 160",
  "categories": ["Moving Head", "Color Changer"],
  "meta": {
    "authors": ["Ken Harris"],
    "createDate": "2022-03-15",
    "lastModifyDate": "2022-03-15"
  },
  "links": {
    "manual": [
      "https://www.chauvetdj.com/wp-content/uploads/2019/09/Intimidator_Spot_160_UM_Rev3.pdf"
    ],
    "productPage": [
      "https://www.chauvetdj.com/products/intimidator-spot-160/"
    ],
    "video": [
      "https://www.youtube.com/watch?v=CBd1M3tfjuo"
    ]
  },
  "physical": {
    "dimensions": [207, 149, 308],
    "weight": 4,
    "power": 60,
    "DMXconnector": "3-pin",
    "bulb": {
      "type": "1× 32W cool white LED"
    },
    "lens": {
      "degreesMinMax": [17, 17]
    }
  },
  "wheels": {
    "Color Wheel": {
      "slots": [
        {
          "type": "Open"
        },
        {
          "type": "Color",
          "name": "Orange",
          "colors": ["#ffa500"]
        },
        {
          "type": "Color",
          "name": "Lime green",
          "colors": ["#66f83a"]
        },
        {
          "type": "Color",
          "name": "Cyan",
          "colors": ["#00ffff"]
        },
        {
          "type": "Color",
          "name": "Red",
          "colors": ["#ff0000"]
        },
        {
          "type": "Color",
          "name": "Green",
          "colors": ["#16b116"]
        },
        {
          "type": "Color",
          "name": "Magenta",
          "colors": ["#ff00ff"]
        },
        {
          "type": "Color",
          "name": "Yellow",
          "colors": ["#ffff00"]
        },
        {
          "type": "Color",
          "name": "Dark blue",
          "colors": ["#00008b"]
        },
        {
          "type": "Color",
          "name": "White",
          "colors": ["#ffffff"]
        }
      ]
    },
    "Gobo Wheel": {
      "slots": [
        {
          "type": "Open"
        },
        {
          "type": "Gobo",
          "name": "Gobo 1",
          "resource": {
            "name": "10 circles",
            "keywords": "dots",
            "source": "https://raw.githubusercontent.com/OpenLightingProject/open-fixture-library/master/resources/gobos/glass-red-10-circles.svg",
            "key": "10-circles",
            "type": "gobos",
            "alias": null,
            "image": {
              "mimeType": "image/svg+xml;charset=utf8",
              "extension": "svg",
              "data": "<svg version=\"1.1\" viewBox=\"0 0 80 80\" xmlns=\"http://www.w3.org/2000/svg\"><path d=\"m40 0c-22.091 0-40 17.909-40 40s17.909 40 40 40 40-17.909 40-40-17.909-40-40-40zm-3.2109 7.5039a6.9348 6.9348 0 0 1 0.49219 0 6.9348 6.9348 0 0 1 6.6875 7.1719 6.9348 6.9348 0 0 1-7.1738 6.6895 6.9348 6.9348 0 0 1-6.6875-7.1738 6.9348 6.9348 0 0 1 6.6816-6.6875zm15.791 3.3711a6.9348 6.9348 0 0 1 4.3223 1.4707 6.9348 6.9348 0 0 1 1.1953 9.7344 6.9348 6.9348 0 0 1-9.7344 1.1953 6.9348 6.9348 0 0 1-1.1953-9.7344 6.9348 6.9348 0 0 1 5.4121-2.666zm-30.096 3.0605a6.9348 6.9348 0 0 1 5.7031 3.0566 6.9348 6.9348 0 0 1-1.873 9.627 6.9348 6.9348 0 0 1-9.627-1.873 6.9348 6.9348 0 0 1 1.873-9.627 6.9348 6.9348 0 0 1 3.9238-1.1836zm40.924 8.8379a6.9348 6.9348 0 0 1 6.5234 5.0234 6.9348 6.9348 0 0 1-4.7559 8.5762 6.9348 6.9348 0 0 1-8.5762-4.7539 6.9348 6.9348 0 0 1 4.7539-8.5781 6.9348 6.9348 0 0 1 2.0547-0.26758zm-49.15 4.9512a6.9348 6.9348 0 0 1 2.5215 0.41602 6.9348 6.9348 0 0 1 4.1445 8.8887 6.9348 6.9348 0 0 1-8.8887 4.1445 6.9348 6.9348 0 0 1-4.1445-8.8887 6.9348 6.9348 0 0 1 6.3672-4.5605zm50.465 10.924a6.9348 6.9348 0 0 1 2.5234 0.41797 6.9348 6.9348 0 0 1 4.1426 8.8887 6.9348 6.9348 0 0 1-8.8867 4.1445 6.9348 6.9348 0 0 1-4.1445-8.8887 6.9348 6.9348 0 0 1 6.3652-4.5625zm-48.562 4.9512a6.9348 6.9348 0 0 1 6.5215 5.0215 6.9348 6.9348 0 0 1-4.7539 8.5781 6.9348 6.9348 0 0 1-8.5781-4.7559 6.9348 6.9348 0 0 1 4.7559-8.5781 6.9348 6.9348 0 0 1 2.0547-0.26562zm40.729 8.8359a6.9348 6.9348 0 0 1 5.7051 3.0566 6.9348 6.9348 0 0 1-1.873 9.627 6.9348 6.9348 0 0 1-9.627-1.8711 6.9348 6.9348 0 0 1 1.8711-9.627 6.9348 6.9348 0 0 1 3.9238-1.1855zm-30.293 3.0586a6.9348 6.9348 0 0 1 4.3223 1.4707 6.9348 6.9348 0 0 1 1.1953 9.7344 6.9348 6.9348 0 0 1-9.7344 1.1953 6.9348 6.9348 0 0 1-1.1953-9.7344 6.9348 6.9348 0 0 1 5.4121-2.666zm15.398 3.3809a6.9348 6.9348 0 0 1 0.49023 0 6.9348 6.9348 0 0 1 6.6895 7.1738 6.9348 6.9348 0 0 1-7.1738 6.6875 6.9348 6.9348 0 0 1-6.6875-7.1738 6.9348 6.9348 0 0 1 6.6816-6.6875z\" fill=\"#000000\"/></svg>",
              "encoding": "utf8"
            }
          }
        },
        {
          "type": "Gobo",
          "name": "Gobo 2"
        },
        {
          "type": "Gobo",
          "name": "Gobo 3"
        },
        {
          "type": "Gobo",
          "name": "Gobo 4"
        },
        {
          "type": "Gobo",
          "name": "Gobo 5"
        },
        {
          "type": "Gobo",
          "name": "Gobo 6"
        },
        {
          "type": "Gobo",
          "name": "Gobo 7",
          "resource": {
            "name": "Biohazard",
            "keywords": "warning virus viral",
            "source": "https://github.com/mcallegari/qlcplus/blob/QLC+_4.12.2/resources/gobos/Others/gobo00039.svg",
            "key": "biohazard",
            "type": "gobos",
            "alias": null,
            "image": {
              "mimeType": "image/svg+xml;charset=utf8",
              "extension": "svg",
              "data": "<svg xmlns=\"http://www.w3.org/2000/svg\" width=\"64pt\" height=\"64pt\" viewBox=\"0 0 64 64\"><path d=\"M29.48 63.926c-1.66-.09-4.367-.559-6.058-1.047-.922-.27-2.781-.89-3.18-1.063-2.472-1.078-3.004-1.332-3.953-1.902l-.719-.418c-.707-.41-1.61-.996-1.96-1.273a11.95 11.95 0 0 0-.5-.364c-1.747-1.172-4.356-3.683-6.094-5.863-.875-1.094-2.082-2.812-2.493-3.547-.062-.113-.285-.504-.492-.875-1.254-2.21-2.43-5.164-2.996-7.504C.523 37.937.391 37.2.23 35.547c-.32-3.285-.312-4.113.055-7.664.188-1.805 1.02-5.246 1.64-6.774.165-.402.302-.77.302-.82 0-.047.062-.23.144-.41.078-.18.266-.602.418-.942a31.129 31.129 0 0 1 1.656-3.175c.305-.504.551-.934.551-.953 0-.079 1.613-2.301 2.195-3.016.606-.75 3.09-3.3 3.914-4.02 1.887-1.644 4.352-3.285 6.622-4.41.48-.234.945-.468 1.035-.515.086-.047.48-.207.87-.36.391-.148.872-.34 1.071-.418a28.162 28.162 0 0 1 3.184-1.023L24.859.8c2.25-.578 6.75-.95 8.934-.742 2.84.27 3.281.324 4.082.476 1.066.203 2.453.531 3.05.719 1.044.332 2.34.77 2.825.953 1.297.504 3.84 1.738 4.445 2.164.153.106.325.211.383.234.293.11 2.594 1.73 3.59 2.528 2.3 1.84 4.93 4.715 6.426 7.023.308.48.656 1.012.765 1.18.301.46.899 1.55 1.356 2.473.758 1.52.933 1.945 1.762 4.265.171.488.484 1.645.68 2.512.085.39.179.746.202.785.043.07.297 1.629.461 2.871.364 2.688.149 7.82-.425 10.184-.063.254-.176.738-.25 1.078-.157.715-.497 1.988-.586 2.21-.036.087-.211.595-.391 1.134-.18.535-.363 1.02-.406 1.078-.04.054-.11.219-.153.36-.152.491-1.168 2.562-1.793 3.648-.55.953-.863 1.437-2.023 3.129-1.059 1.542-3.52 4.132-5.266 5.539-.539.433-1 .812-1.027.843-.262.285-2.324 1.664-3.512 2.348-1.765 1.012-4.675 2.324-5.761 2.594a6.6 6.6 0 0 0-.633.191c-.172.059-.633.2-1.028.309-3.535.972-6.734 1.273-11.086 1.039zm-1.437-6.106c1.89-.53 2.91-.965 4.527-1.93 2.52-1.507 4.117-3.64 5.102-6.824.191-.609.586-2.902.586-3.394 0-.25.074-.402.27-.555.382-.304.706-.27 1.327.145.297.199.575.36.618.36.047 0 .27.089.496.194 2.351 1.102 6.148 1.063 9.093-.09.31-.12.727-.285.922-.359.61-.238 1.864-.91 2.641-1.414 1.184-.77 2.73-2.383 3.676-3.832.472-.723 1.582-2.914 1.59-3.137.004-.086.097-.34.203-.566.11-.227.203-.492.203-.594.004-.101.07-.347.156-.547l.152-.363-.453-.2c-.25-.109-.812-.245-1.254-.304-.804-.101-.804-.101-1.03.176-.122.152-.25.387-.282.516-.035.128-.32.687-.637 1.238-1.562 2.715-3.508 4.652-5.785 5.75-1.133.547-2.039.808-3.48 1.015-1.082.157-1.266.157-2.414 0-1.66-.222-1.704-.234-1.7-.44 0-.099.27-.485.598-.86a13.669 13.669 0 0 0 3.05-5.97c.247-1.085.344-2.218.208-2.437-.078-.128-2.188-.144-2.625-.023-.324.09-.457.367-.684 1.441-.441 2.118-1.8 4.286-3.59 5.746-.652.536-.96.56-1.199.098a14.711 14.711 0 0 0-.578-.95c-.223-.339-.64-1.01-.93-1.491-.289-.48-.718-1.188-.957-1.567-.234-.382-.683-1.109-.992-1.617-.648-1.062-.695-1.082-1.7-.691-.44.168-.62.293-.644.445-.027.188.785 2.848 1.325 4.34.105.3.195.617.195.703 0 .086.066.3.144.48.079.176.266.739.418 1.247.153.511.293.984.317 1.054.105.344-1.059.645-2.512.645-1.465 0-2.945-.348-4.7-1.106-.46-.199-.91-.336-.995-.3-.086.03-.274.234-.414.449-.145.215-.465.676-.72 1.023-.523.727-.523.903.024 1.266 1.778 1.176 4.153 1.746 7.27 1.75 1.387 0 1.785.031 1.879.148.273.328-.172 2.106-.797 3.196-.961 1.664-2.45 2.976-4.617 4.058-.457.227-.86.414-.895.414-.039 0-.215.067-.39.149-1.051.484-3.414.98-4.692.98-.87.004-2.683-.367-3.512-.715-.968-.406-1.156-.402-1.382.043-.102.196-.313.57-.477.836-.348.57-.277.871.266 1.117.183.086.406.204.492.258.183.125 1.09.52 1.183.52.036 0 .211.066.391.148.29.133 1.649.492 2.324.613.141.024 1.203.032 2.364.008 1.867-.031 2.207-.062 3.027-.293zm-12.762-4.87c.817-.833 1.008-1.169.801-1.419-.187-.226-.902-1.66-1.172-2.351-.73-1.871-.98-3.114-.98-4.825 0-2.367.64-4.375 2.027-6.343.617-.875 2.168-2.465 2.402-2.465.215 0 .45.332.543.777.035.176.18.59.325.926.14.336.285.695.316.797.125.402.96 1.95 1.434 2.656.539.805 1.793 2.145 2.007 2.14.227-.007.418-.226 1.141-1.304.805-1.203.805-1.238.105-2.02-1.078-1.203-1.976-2.816-2.304-4.144-.223-.883-.246-1.227-.09-1.324.144-.09 1.805-.324 2.871-.406.48-.04 1.313-.133 1.848-.208.535-.074 1.43-.167 1.984-.207 1.32-.093 1.395-.16 1.367-1.226-.015-.434-.078-.828-.144-.899-.07-.066-.645-.18-1.282-.246-.636-.07-1.64-.175-2.234-.242-.594-.062-1.586-.18-2.207-.262a101.46 101.46 0 0 0-1.719-.214c-.578-.059-.59-.067-.59-.375 0-.766 1.06-2.973 2.293-4.782.47-.691.786-1.257.786-1.414 0-.367-1.399-2.422-1.645-2.422-.18 0-.988.73-1.539 1.391-.82.988-1.91 2.902-2.559 4.496-.246.606-.449.965-.562.985-.387.078-1.996-1.426-2.762-2.579-1.168-1.753-1.762-4.75-1.414-7.12.328-2.25 1.02-4.954 1.363-5.34a.462.462 0 0 0 .086-.258c0-.09.114-.391.254-.676.414-.848.367-1.024-.504-1.89-.898-.9-1.02-.903-1.664-.087-1.066 1.364-1.808 2.621-2.316 3.934-.875 2.262-.985 2.996-.824 5.457.277 4.312 1.66 7.68 4.117 10.031.808.774 2.348 1.836 2.664 1.836.242 0 .633.442.633.723 0 .37-.145.511-.89.87-2.208 1.067-4.337 3.29-5.474 5.708-.175.367-.359.75-.414.848-.054.097-.242.609-.418 1.132-.418 1.258-.484 2.52-.257 4.793.093.926.207 1.758.257 1.852.047.09.118.351.157.578.191 1.113 1.015 3.047 1.789 4.207.441.66 1.386 1.707 1.543 1.707.035 0 .418-.36.851-.797zm30.477-21.93c.918 0 .965-.075.824-1.344-.117-1.063-.422-2.434-.676-3.028-.847-1.976-1.398-2.898-2.433-4.078-.399-.449-.703-.832-.684-.847.445-.395 2.676-.735 4.14-.633 2.594.176 4.38 1.008 6.317 2.937a14.403 14.403 0 0 1 2.922 4.164c.266.567.523 1.106.57 1.196.047.093.133.351.192.574.199.734.418.844 1.84.922l1.25.066v-.351c-.004-.348-.348-1.676-.66-2.559-.383-1.07-1.544-3.23-2.239-4.164-2.781-3.738-5.496-5.61-9.11-6.277-2.386-.442-5.023-.008-7.667 1.257l-.739.352-.417-.215c-.231-.117-.422-.246-.43-.289-.008-.039-.028-.683-.043-1.43-.031-1.351-.125-1.859-.578-3.117-1.02-2.828-3.25-5.597-6.098-7.558-.45-.309-.863-.563-.922-.563-.058 0-.16-.055-.222-.117-.125-.125-1.247-.602-1.415-.606-.058 0-.222-.062-.37-.14-.15-.078-.774-.246-1.387-.371-2.754-.57-6.239-.102-9.2 1.23-.394.176-.488.27-.488.473 0 .41.973 2.144 1.223 2.184.117.019.781-.106 1.472-.278 5.5-1.363 10.016.262 12.825 4.617.566.875 1.316 2.414 1.316 2.696 0 .078.043.187.102.246.054.054.172.351.254.66.082.308.18.66.214.785.086.297-.18.332-1.238.168-1.176-.187-2.3-.164-3.758.07-1.828.293-2.656.551-4.18 1.313-1.124.562-1.144.66-.44 1.87.316.544.671 1.122.788 1.282.211.285.219.29.535.121.665-.343 2.086-.875 2.965-1.105 1.227-.324 3.84-.336 4.809-.02.543.18.617.235.648.496.02.164-.066.532-.191.817a43.68 43.68 0 0 0-.914 2.27c-.235.624-.516 1.34-.625 1.593-.578 1.39-1.125 2.887-1.125 3.074 0 .278.851.828 1.285.832.352.004.465-.144 3.95-5.101.902-1.282 1.163-1.578 1.386-1.578.227 0 1.684 1.472 2.129 2.156.847 1.297 1.722 3.476 1.89 4.7.09.64.32.784 1.165.71.367-.035.921-.059 1.238-.062zm0 0\"/></svg>",
              "encoding": "utf8"
            }
          }
        },
        {
          "type": "Gobo",
          "name": "Gobo 8"
        },
        {
          "type": "Gobo",
          "name": "Gobo 9"
        }
      ]
    }
  },
  "availableChannels": {
    "Pan": {
      "fineChannelAliases": ["Pan fine"],
      "capability": {
        "type": "Pan",
        "angleStart": "0deg",
        "angleEnd": "540deg"
      }
    },
    "Tilt": {
      "fineChannelAliases": ["Tilt fine"],
      "capability": {
        "type": "Tilt",
        "angleStart": "0deg",
        "angleEnd": "270deg"
      }
    },
    "Pan/Tilt Speed": {
      "capability": {
        "type": "PanTiltSpeed",
        "speedStart": "fast",
        "speedEnd": "slow"
      }
    },
    "Color Wheel": {
      "capabilities": [
        {
          "dmxRange": [0, 6],
          "type": "WheelSlot",
          "slotNumber": 1
        },
        {
          "dmxRange": [7, 13],
          "type": "WheelSlot",
          "slotNumber": 2
        },
        {
          "dmxRange": [14, 20],
          "type": "WheelSlot",
          "slotNumber": 3
        },
        {
          "dmxRange": [21, 27],
          "type": "WheelSlot",
          "slotNumber": 4
        },
        {
          "dmxRange": [28, 34],
          "type": "WheelSlot",
          "slotNumber": 5
        },
        {
          "dmxRange": [35, 41],
          "type": "WheelSlot",
          "slotNumber": 6
        },
        {
          "dmxRange": [42, 48],
          "type": "WheelSlot",
          "slotNumber": 7
        },
        {
          "dmxRange": [49, 55],
          "type": "WheelSlot",
          "slotNumber": 8
        },
        {
          "dmxRange": [56, 62],
          "type": "WheelSlot",
          "slotNumber": 9
        },
        {
          "dmxRange": [63, 64],
          "type": "WheelSlot",
          "slotNumber": 10,
          "helpWanted": "The specs on the product website say \"9 + open\" colors, but the manual lists \"white + 8 + white\", so possibly one of the whites is different, but it doesn't say."
        },
        {
          "dmxRange": [65, 189],
          "type": "WheelRotation",
          "angleStart": "0deg",
          "angleEnd": "360deg",
          "helpWanted": "Are these the correct angles?"
        },
        {
          "dmxRange": [190, 221],
          "type": "WheelRotation",
          "speedStart": "fast CW",
          "speedEnd": "slow CW"
        },
        {
          "dmxRange": [222, 223],
          "type": "WheelRotation",
          "speed": "stop"
        },
        {
          "dmxRange": [224, 255],
          "type": "WheelRotation",
          "speedStart": "slow CCW",
          "speedEnd": "fast CCW"
        }
      ]
    },
    "Gobo Wheel": {
      "capabilities": [
        {
          "dmxRange": [0, 6],
          "type": "WheelSlot",
          "slotNumber": 1
        },
        {
          "dmxRange": [7, 11],
          "type": "WheelSlot",
          "slotNumber": 2
        },
        {
          "dmxRange": [12, 17],
          "type": "WheelSlot",
          "slotNumber": 3
        },
        {
          "dmxRange": [18, 23],
          "type": "WheelSlot",
          "slotNumber": 4
        },
        {
          "dmxRange": [24, 29],
          "type": "WheelSlot",
          "slotNumber": 5
        },
        {
          "dmxRange": [30, 35],
          "type": "WheelSlot",
          "slotNumber": 6
        },
        {
          "dmxRange": [36, 41],
          "type": "WheelSlot",
          "slotNumber": 7
        },
        {
          "dmxRange": [42, 47],
          "type": "WheelSlot",
          "slotNumber": 8
        },
        {
          "dmxRange": [48, 53],
          "type": "WheelSlot",
          "slotNumber": 9
        },
        {
          "dmxRange": [54, 63],
          "type": "WheelSlot",
          "slotNumber": 10
        },
        {
          "dmxRange": [64, 69],
          "type": "WheelShake",
          "slotNumber": 10,
          "shakeSpeedStart": "slow",
          "shakeSpeedEnd": "fast"
        },
        {
          "dmxRange": [70, 75],
          "type": "WheelShake",
          "slotNumber": 9,
          "shakeSpeedStart": "slow",
          "shakeSpeedEnd": "fast"
        },
        {
          "dmxRange": [76, 81],
          "type": "WheelShake",
          "slotNumber": 8,
          "shakeSpeedStart": "slow",
          "shakeSpeedEnd": "fast"
        },
        {
          "dmxRange": [82, 87],
          "type": "WheelShake",
          "slotNumber": 7,
          "shakeSpeedStart": "slow",
          "shakeSpeedEnd": "fast"
        },
        {
          "dmxRange": [88, 93],
          "type": "WheelShake",
          "slotNumber": 6,
          "shakeSpeedStart": "slow",
          "shakeSpeedEnd": "fast"
        },
        {
          "dmxRange": [94, 99],
          "type": "WheelShake",
          "slotNumber": 5,
          "shakeSpeedStart": "slow",
          "shakeSpeedEnd": "fast"
        },
        {
          "dmxRange": [100, 105],
          "type": "WheelShake",
          "slotNumber": 4,
          "shakeSpeedStart": "slow",
          "shakeSpeedEnd": "fast"
        },
        {
          "dmxRange": [106, 111],
          "type": "WheelShake",
          "slotNumber": 3,
          "shakeSpeedStart": "slow",
          "shakeSpeedEnd": "fast"
        },
        {
          "dmxRange": [112, 117],
          "type": "WheelShake",
          "slotNumber": 2,
          "shakeSpeedStart": "slow",
          "shakeSpeedEnd": "fast"
        },
        {
          "dmxRange": [118, 127],
          "type": "WheelSlot",
          "slotNumber": 1
        },
        {
          "dmxRange": [128, 189],
          "type": "WheelRotation",
          "speedStart": "slow CW",
          "speedEnd": "fast CW"
        },
        {
          "dmxRange": [190, 193],
          "type": "WheelRotation",
          "speed": "stop"
        },
        {
          "dmxRange": [194, 255],
          "type": "WheelRotation",
          "speedStart": "slow CCW",
          "speedEnd": "fast CCW"
        }
      ]
    },
    "Dimmer": {
      "capability": {
        "type": "Intensity"
      }
    },
    "Shutter": {
      "capabilities": [
        {
          "dmxRange": [0, 3],
          "type": "ShutterStrobe",
          "shutterEffect": "Closed"
        },
        {
          "dmxRange": [4, 7],
          "type": "ShutterStrobe",
          "shutterEffect": "Open"
        },
        {
          "dmxRange": [8, 76],
          "type": "ShutterStrobe",
          "shutterEffect": "Strobe",
          "speedStart": "0Hz",
          "speedEnd": "20Hz"
        },
        {
          "dmxRange": [77, 145],
          "type": "ShutterStrobe",
          "shutterEffect": "Pulse",
          "speedStart": "slow",
          "speedEnd": "fast"
        },
        {
          "dmxRange": [146, 215],
          "type": "ShutterStrobe",
          "shutterEffect": "Strobe",
          "speedStart": "slow",
          "speedEnd": "fast",
          "randomTiming": true
        },
        {
          "dmxRange": [216, 255],
          "type": "ShutterStrobe",
          "shutterEffect": "Open"
        }
      ]
    },
    "Control": {
      "capabilities": [
        {
          "dmxRange": [0, 7],
          "type": "NoFunction"
        },
        {
          "dmxRange": [8, 15],
          "type": "Maintenance",
          "comment": "Blackout on pan/tilt movement"
        },
        {
          "dmxRange": [16, 23],
          "type": "Maintenance",
          "comment": "Blackout on color wheel movement"
        },
        {
          "dmxRange": [24, 31],
          "type": "Maintenance",
          "comment": "Blackout on gobo wheel movement"
        },
        {
          "dmxRange": [32, 39],
          "type": "Maintenance",
          "comment": "Blackout on pan/tilt/color wheel movement"
        },
        {
          "dmxRange": [40, 47],
          "type": "Maintenance",
          "comment": "Blackout on pan/tilt/gobo wheel movement"
        },
        {
          "dmxRange": [48, 55],
          "type": "Maintenance",
          "comment": "Blackout on pan/tilt/color/gobo wheel movement"
        },
        {
          "dmxRange": [56, 95],
          "type": "NoFunction"
        },
        {
          "dmxRange": [96, 103],
          "type": "Maintenance",
          "comment": "Pan reset"
        },
        {
          "dmxRange": [104, 111],
          "type": "Maintenance",
          "comment": "Tilt reset"
        },
        {
          "dmxRange": [112, 119],
          "type": "Maintenance",
          "comment": "Color wheel reset"
        },
        {
          "dmxRange": [120, 127],
          "type": "Maintenance",
          "comment": "Gobo wheel reset"
        },
        {
          "dmxRange": [128, 135],
          "type": "NoFunction"
        },
        {
          "dmxRange": [136, 143],
          "type": "Maintenance",
          "comment": "Prism reset"
        },
        {
          "dmxRange": [144, 151],
          "type": "Maintenance",
          "comment": "Focus reset"
        },
        {
          "dmxRange": [152, 159],
          "type": "Maintenance",
          "comment": "Reset all"
        },
        {
          "dmxRange": [160, 255],
          "type": "NoFunction"
        }
      ]
    },
    "Movement Macros": {
      "capabilities": [
        {
          "dmxRange": [0, 7],
          "type": "NoFunction"
        },
        {
          "dmxRange": [8, 23],
          "type": "Effect",
          "effectName": "Movement macro 1"
        },
        {
          "dmxRange": [24, 39],
          "type": "Effect",
          "effectName": "Movement macro 2"
        },
        {
          "dmxRange": [40, 55],
          "type": "Effect",
          "effectName": "Movement macro 3"
        },
        {
          "dmxRange": [56, 71],
          "type": "Effect",
          "effectName": "Movement macro 4"
        },
        {
          "dmxRange": [72, 87],
          "type": "Effect",
          "effectName": "Movement macro 5"
        },
        {
          "dmxRange": [88, 103],
          "type": "Effect",
          "effectName": "Movement macro 6"
        },
        {
          "dmxRange": [104, 119],
          "type": "Effect",
          "effectName": "Movement macro 7"
        },
        {
          "dmxRange": [120, 135],
          "type": "Effect",
          "effectName": "Movement macro 8"
        },
        {
          "dmxRange": [136, 151],
          "type": "Effect",
          "effectName": "Sound-active movement macro 1"
        },
        {
          "dmxRange": [152, 167],
          "type": "Effect",
          "effectName": "Sound-active movement macro 2",
          "soundControlled": true
        },
        {
          "dmxRange": [168, 183],
          "type": "Effect",
          "effectName": "Sound-active movement macro 3",
          "soundControlled": true
        },
        {
          "dmxRange": [184, 199],
          "type": "Effect",
          "effectName": "Sound-active movement macro 4",
          "soundControlled": true
        },
        {
          "dmxRange": [200, 215],
          "type": "Effect",
          "effectName": "Sound-active movement macro 5",
          "soundControlled": true
        },
        {
          "dmxRange": [216, 231],
          "type": "Effect",
          "effectName": "Sound-active movement macro 6",
          "soundControlled": true
        },
        {
          "dmxRange": [232, 247],
          "type": "Effect",
          "effectName": "Sound-active movement macro 7",
          "soundControlled": true
        },
        {
          "dmxRange": [248, 255],
          "type": "Effect",
          "effectName": "Sound-active movement macro 8",
          "soundControlled": true
        }
      ]
    }
  },
  "modes": [
    {
      "name": "11-channel",
      "shortName": "11ch",
      "channels": [
        "Pan",
        "Pan fine",
        "Tilt",
        "Tilt fine",
        "Pan/Tilt Speed",
        "Color Wheel",
        "Gobo Wheel",
        "Dimmer",
        "Shutter",
        "Control",
        "Movement Macros"
      ]
    },
    {
      "name": "5-channel",
      "shortName": "5ch",
      "channels": [
        "Pan",
        "Tilt",
        "Color Wheel",
        "Gobo Wheel",
        "Shutter"
      ]
    }
  ],
  "fixtureKey": "intimidator-spot-160",
  "manufacturerKey": "chauvet-dj",
  "oflURL": "https://open-fixture-library.org/chauvet-dj/intimidator-spot-160"
}
