{
  "$schema": "https://raw.githubusercontent.com/OpenLightingProject/open-fixture-library/schema-12.5.0/schemas/fixture.json",
  "name": "MotionDrape LED",
  "shortName": "MotionDrape",
  "categories": ["Effect", "Other"],
  "meta": {
    "authors": ["Michael H Perbix"],
    "createDate": "2020-04-17",
    "lastModifyDate": "2020-04-17"
  },
  "comment": "Chauvet DJ MotionDrape LED QRG",
  "links": {
    "manual": [
      "https://www.chauvetdj.com/wp-content/uploads/2015/12/MotionDrapeLED_UM_Rev9_WO.pdf"
    ],
    "productPage": [
      "https://www.chauvetdj.com/products/motiondrape-led/"
    ],
    "video": [
      "https://www.youtube.com/watch?v=K0w2q8dIJHg"
    ]
  },
  "physical": {
    "dimensions": [135, 50, 243],
    "weight": 4.4,
    "power": 54,
    "DMXconnector": "3-pin",
    "bulb": {
      "type": "176× LED"
    }
  },
  "availableChannels": {
    "Dimmer": {
      "capabilities": [
        {
          "dmxRange": [0, 7],
          "type": "Intensity",
          "brightness": "off"
        },
        {
          "dmxRange": [8, 255],
          "type": "Intensity"
        }
      ]
    },
    "Strobe": {
      "capabilities": [
        {
          "dmxRange": [0, 10],
          "type": "NoFunction"
        },
        {
          "dmxRange": [11, 255],
          "type": "ShutterStrobe",
          "shutterEffect": "Strobe",
          "speedStart": "slow",
          "speedEnd": "fast"
        }
      ]
    },
    "Red": {
      "capability": {
        "type": "ColorIntensity",
        "color": "Red"
      }
    },
    "Green": {
      "capability": {
        "type": "ColorIntensity",
        "color": "Green"
      }
    },
    "Blue": {
      "capability": {
        "type": "ColorIntensity",
        "color": "Blue"
      }
    },
    "Program 1-15": {
      "capabilities": [
        {
          "dmxRange": [0, 15],
          "type": "NoFunction"
        },
        {
          "dmxRange": [16, 31],
          "type": "Effect",
          "effectName": "Falling Star"
        },
        {
          "dmxRange": [32, 47],
          "type": "Effect",
          "effectName": "Diagonal Color Bands"
        },
        {
          "dmxRange": [48, 63],
          "type": "Effect",
          "effectName": "Color Pattern Chase"
        },
        {
          "dmxRange": [64, 79],
          "type": "Effect",
          "effectName": "Inward Arrow (L-R)"
        },
        {
          "dmxRange": [80, 95],
          "type": "Effect",
          "effectName": "Color Stack"
        },
        {
          "dmxRange": [96, 111],
          "type": "Effect",
          "effectName": "Multi-Color Freeway"
        },
        {
          "dmxRange": [112, 127],
          "type": "Effect",
          "effectName": "Color Wave (L-R)"
        },
        {
          "dmxRange": [128, 143],
          "type": "Effect",
          "effectName": "Color Wave (R-L)"
        },
        {
          "dmxRange": [144, 159],
          "type": "Effect",
          "effectName": "Color Bar Chase (L-R)"
        },
        {
          "dmxRange": [160, 175],
          "type": "Effect",
          "effectName": "Color Bar Chase (R-L)"
        },
        {
          "dmxRange": [176, 191],
          "type": "Effect",
          "effectName": "Windmill"
        },
        {
          "dmxRange": [192, 207],
          "type": "Effect",
          "effectName": "Fan"
        },
        {
          "dmxRange": [208, 223],
          "type": "Effect",
          "effectName": "Whirlpool"
        },
        {
          "dmxRange": [224, 239],
          "type": "Effect",
          "effectName": "Falling Snow"
        },
        {
          "dmxRange": [240, 255],
          "type": "Effect",
          "effectName": "Multi Box Frenzy"
        }
      ]
    },
    "Program 16-30": {
      "capabilities": [
        {
          "dmxRange": [0, 15],
          "type": "NoFunction"
        },
        {
          "dmxRange": [16, 31],
          "type": "Effect",
          "effectName": "Center Burst"
        },
        {
          "dmxRange": [32, 47],
          "type": "Effect",
          "effectName": "Outer Burst"
        },
        {
          "dmxRange": [48, 63],
          "type": "Effect",
          "effectName": "EQ Effect"
        },
        {
          "dmxRange": [64, 79],
          "type": "Effect",
          "effectName": "Rolling Color"
        },
        {
          "dmxRange": [80, 95],
          "type": "Effect",
          "effectName": "Horizontal Snow"
        },
        {
          "dmxRange": [96, 111],
          "type": "Effect",
          "effectName": "Inner Zone"
        },
        {
          "dmxRange": [112, 127],
          "type": "Effect",
          "effectName": "Outer  Zone"
        },
        {
          "dmxRange": [128, 143],
          "type": "Effect",
          "effectName": "Diamond Spread"
        },
        {
          "dmxRange": [144, 159],
          "type": "Effect",
          "effectName": "Single Diamond Squeeze"
        },
        {
          "dmxRange": [160, 175],
          "type": "Effect",
          "effectName": "Follow The Leader"
        },
        {
          "dmxRange": [176, 191],
          "type": "Effect",
          "effectName": "Crisscross"
        },
        {
          "dmxRange": [192, 207],
          "type": "Effect",
          "effectName": "X-Factor"
        },
        {
          "dmxRange": [208, 223],
          "type": "Effect",
          "effectName": "Double Diamond Squeeze"
        },
        {
          "dmxRange": [224, 239],
          "type": "Effect",
          "effectName": "Red X-Factor"
        },
        {
          "dmxRange": [240, 255],
          "type": "Effect",
          "effectName": "Multi Rain"
        }
      ]
    },
    "Effect Speed": {
      "capability": {
        "type": "EffectSpeed",
        "speedStart": "slow",
        "speedEnd": "fast"
      }
    }
  },
  "modes": [
    {
      "name": "8-channel",
      "shortName": "8ch",
      "channels": [
        "Dimmer",
        "Strobe",
        "Red",
        "Green",
        "Blue",
        "Program 1-15",
        "Program 16-30",
        "Effect Speed"
      ]
    }
  ],
  "fixtureKey": "motiondrape-led",
  "manufacturerKey": "chauvet-dj",
  "oflURL": "https://open-fixture-library.org/chauvet-dj/motiondrape-led"
}
