{
  "$schema": "https://raw.githubusercontent.com/OpenLightingProject/open-fixture-library/schema-12.5.0/schemas/fixture.json",
  "name": "SlimPAR T12 BT",
  "shortName": "ChauvetSlimPART12BT",
  "categories": ["Color Changer"],
  "meta": {
    "authors": ["Flo Edelmann"],
    "createDate": "2018-03-27",
    "lastModifyDate": "2018-08-10"
  },
  "links": {
    "manual": [
      "https://www.chauvetdj.com/wp-content/uploads/2018/03/SlimPAR_T12BT_UM_Rev4.pdf"
    ],
    "productPage": [
      "https://www.chauvetdj.com/products/slimpar-t12-bt/"
    ],
    "video": [
      "https://www.youtube.com/watch?v=A2SgybnQo7k"
    ]
  },
  "physical": {
    "dimensions": [214, 77, 264],
    "weight": 1.2,
    "power": 42,
    "DMXconnector": "3-pin",
    "bulb": {
      "type": "12x 2.5W RGBA LED",
      "lumens": 1000
    },
    "lens": {
      "degreesMinMax": [14, 27]
    }
  },
  "availableChannels": {
    "Red": {
      "capability": {
        "type": "ColorIntensity",
        "color": "Red"
      }
    },
    "Green": {
      "capability": {
        "type": "ColorIntensity",
        "color": "Green"
      }
    },
    "Blue": {
      "capability": {
        "type": "ColorIntensity",
        "color": "Blue"
      }
    },
    "Strobe": {
      "capability": {
        "type": "ShutterStrobe",
        "shutterEffect": "Strobe",
        "speedStart": "0Hz",
        "speedEnd": "20Hz",
        "helpWanted": "At which DMX values is strobe disabled? When is the lamp constantly on/off?"
      }
    },
    "Auto Program": {
      "capabilities": [
        {
          "dmxRange": [0, 5],
          "type": "NoFunction"
        },
        {
          "dmxRange": [6, 55],
          "type": "Effect",
          "effectName": "Program 1"
        },
        {
          "dmxRange": [56, 106],
          "type": "Effect",
          "effectName": "Program 2"
        },
        {
          "dmxRange": [107, 157],
          "type": "Effect",
          "effectName": "Program 3"
        },
        {
          "dmxRange": [158, 208],
          "type": "Effect",
          "effectName": "Program 4"
        },
        {
          "dmxRange": [209, 255],
          "type": "Effect",
          "effectName": "Program 5"
        }
      ]
    },
    "Auto Program Speed": {
      "capabilities": [
        {
          "dmxRange": [0, 250],
          "type": "EffectSpeed",
          "speedStart": "slow",
          "speedEnd": "fast"
        },
        {
          "dmxRange": [251, 255],
          "type": "Effect",
          "effectName": "Sound active mode",
          "soundControlled": true
        }
      ]
    },
    "Dimmer": {
      "capability": {
        "type": "Intensity"
      }
    }
  },
  "modes": [
    {
      "name": "3-channel",
      "shortName": "3ch",
      "channels": [
        "Red",
        "Green",
        "Blue"
      ]
    },
    {
      "name": "7-channel",
      "shortName": "7ch",
      "channels": [
        "Red",
        "Green",
        "Blue",
        "Strobe",
        "Auto Program",
        "Auto Program Speed",
        "Dimmer"
      ]
    }
  ],
  "fixtureKey": "slimpar-t12-bt",
  "manufacturerKey": "chauvet-dj",
  "oflURL": "https://open-fixture-library.org/chauvet-dj/slimpar-t12-bt"
}
