{
  "$schema": "https://raw.githubusercontent.com/OpenLightingProject/open-fixture-library/schema-12.5.0/schemas/fixture.json",
  "name": "Magnum 2500 HZ",
  "shortName": "MartinMagnum2.5k",
  "categories": ["Hazer"],
  "meta": {
    "authors": ["novasfronteiras.co"],
    "createDate": "2017-08-08",
    "lastModifyDate": "2018-08-09"
  },
  "links": {
    "manual": [
      "https://www.martin.com/files/files/productdocuments/11_MANUALS/999/UM_Magnum2500Hz_EN_F.pdf"
    ],
    "video": [
      "https://www.youtube.com/watch?v=wCQePza8akg",
      "https://www.youtube.com/watch?v=Nc0ku6yCe4w"
    ]
  },
  "physical": {
    "dimensions": [285, 286, 455],
    "weight": 15.7,
    "power": 920,
    "DMXconnector": "3-pin"
  },
  "availableChannels": {
    "Fog": {
      "capabilities": [
        {
          "dmxRange": [0, 29],
          "type": "NoFunction"
        },
        {
          "dmxRange": [30, 255],
          "type": "Fog",
          "fogOutputStart": "0m^3/min",
          "fogOutputEnd": "2500m^3/min",
          "fogType": "Haze"
        }
      ]
    }
  },
  "modes": [
    {
      "name": "Standard",
      "shortName": "std",
      "channels": [
        "Fog"
      ]
    }
  ],
  "fixtureKey": "magnum-2500-hz",
  "manufacturerKey": "martin",
  "oflURL": "https://open-fixture-library.org/martin/magnum-2500-hz"
}
