{
  "$schema": "https://raw.githubusercontent.com/OpenLightingProject/open-fixture-library/schema-12.5.0/schemas/fixture.json",
  "name": "Flat Pro 18",
  "shortName": "CLPFLATPRO18",
  "categories": ["Color Changer"],
  "meta": {
    "authors": ["Felix Edelmann"],
    "createDate": "2017-07-14",
    "lastModifyDate": "2018-08-09"
  },
  "links": {
    "manual": [
      "https://adamhall.s3.amazonaws.com/media/MARKEN/CAMEO/CLPFLATPRO7/CLPFLATPRO7-12-18_Cameo_Bedienungsanleitung_EN_DE_FR_ES.pdf"
    ],
    "video": [
      "https://www.youtube.com/watch?v=MtzWwkFTuFk"
    ]
  },
  "physical": {
    "dimensions": [280, 280, 130],
    "weight": 7.4,
    "power": 200,
    "DMXconnector": "3-pin and 5-pin"
  },
  "availableChannels": {
    "Dimmer": {
      "highlightValue": 255,
      "capability": {
        "type": "Intensity"
      }
    },
    "Color Macro Simple": {
      "capabilities": [
        {
          "dmxRange": [0, 16],
          "type": "ColorPreset",
          "colors": ["#ff0000"],
          "comment": "Red"
        },
        {
          "dmxRange": [17, 33],
          "type": "ColorPreset",
          "colors": ["#00ff00"],
          "comment": "Green"
        },
        {
          "dmxRange": [34, 50],
          "type": "ColorPreset",
          "colors": ["#0000ff"],
          "comment": "Blue"
        },
        {
          "dmxRange": [51, 67],
          "type": "ColorPreset",
          "colors": ["#ffffff"],
          "comment": "White"
        },
        {
          "dmxRange": [68, 84],
          "type": "ColorPreset",
          "colors": ["#ffbf00"],
          "comment": "Amber"
        },
        {
          "dmxRange": [85, 101],
          "type": "ColorPreset",
          "colors": ["#ffff00"],
          "comment": "Yellow"
        },
        {
          "dmxRange": [102, 118],
          "type": "ColorPreset",
          "colors": ["#00ffff"],
          "comment": "Cyan"
        },
        {
          "dmxRange": [119, 135],
          "type": "ColorPreset",
          "colors": ["#e6e6fa"],
          "comment": "Lavender"
        },
        {
          "dmxRange": [136, 152],
          "type": "ColorPreset",
          "colors": ["#ff8adc"],
          "comment": "Pink"
        },
        {
          "dmxRange": [153, 169],
          "type": "ColorPreset",
          "colors": ["#aaffaa"],
          "comment": "Light Green"
        },
        {
          "dmxRange": [170, 186],
          "type": "ColorPreset",
          "colors": ["#ff00ff"],
          "comment": "Magenta"
        },
        {
          "dmxRange": [187, 203],
          "type": "ColorPreset",
          "colors": ["#40e0d0"],
          "comment": "Turquoise"
        },
        {
          "dmxRange": [204, 220],
          "type": "ColorPreset",
          "colors": ["#ffcc00"],
          "comment": "Orange"
        },
        {
          "dmxRange": [221, 237],
          "type": "ColorPreset",
          "colors": ["#f2f6fe"],
          "colorTemperature": "cold",
          "comment": "White"
        },
        {
          "dmxRange": [238, 255],
          "type": "ColorPreset",
          "colors": ["#fffbf2"],
          "colorTemperature": "warm",
          "comment": "White"
        }
      ]
    },
    "Color Macro Advanced": {
      "capabilities": [
        {
          "dmxRange": [0, 4],
          "type": "NoFunction"
        },
        {
          "dmxRange": [5, 10],
          "type": "ColorPreset",
          "colors": ["#ff0000"],
          "comment": "Red"
        },
        {
          "dmxRange": [11, 15],
          "type": "ColorPreset",
          "colors": ["#00ff00"],
          "comment": "Green"
        },
        {
          "dmxRange": [16, 20],
          "type": "ColorPreset",
          "colors": ["#0000ff"],
          "comment": "Blue"
        },
        {
          "dmxRange": [21, 25],
          "type": "ColorPreset",
          "colors": ["#ffffff"],
          "comment": "White"
        },
        {
          "dmxRange": [26, 30],
          "type": "ColorPreset",
          "colors": ["#ffbf00"],
          "comment": "Amber"
        },
        {
          "dmxRange": [31, 35],
          "type": "ColorPreset",
          "colors": ["#ffff00"],
          "comment": "Yellow"
        },
        {
          "dmxRange": [36, 40],
          "type": "ColorPreset",
          "colors": ["#00ffff"],
          "comment": "Cyan"
        },
        {
          "dmxRange": [41, 45],
          "type": "ColorPreset",
          "colors": ["#e6e6fa"],
          "comment": "Lavender"
        },
        {
          "dmxRange": [46, 50],
          "type": "ColorPreset",
          "colors": ["#ff8adc"],
          "comment": "Pink"
        },
        {
          "dmxRange": [51, 55],
          "type": "ColorPreset",
          "colors": ["#aaffaa"],
          "comment": "Light Green"
        },
        {
          "dmxRange": [56, 60],
          "type": "ColorPreset",
          "colors": ["#ff00ff"],
          "comment": "Magenta"
        },
        {
          "dmxRange": [61, 65],
          "type": "ColorPreset",
          "colors": ["#40e0d0"],
          "comment": "Turquoise"
        },
        {
          "dmxRange": [66, 70],
          "type": "ColorPreset",
          "colors": ["#ffcc00"],
          "comment": "Orange"
        },
        {
          "dmxRange": [71, 75],
          "type": "ColorPreset",
          "colors": ["#f2f6fe"],
          "colorTemperature": "cold",
          "comment": "White"
        },
        {
          "dmxRange": [76, 80],
          "type": "ColorPreset",
          "colors": ["#fffbf2"],
          "colorTemperature": "warm",
          "comment": "White"
        },
        {
          "dmxRange": [81, 150],
          "type": "Effect",
          "effectPreset": "ColorJump",
          "speedStart": "slow",
          "speedEnd": "fast"
        },
        {
          "dmxRange": [151, 220],
          "type": "Effect",
          "effectPreset": "ColorFade",
          "speedStart": "slow",
          "speedEnd": "fast"
        },
        {
          "dmxRange": [221, 255],
          "type": "Effect",
          "effectName": "Sound control",
          "soundControlled": true,
          "soundSensitivityStart": "low",
          "soundSensitivityEnd": "high"
        }
      ]
    },
    "Strobe": {
      "capability": {
        "type": "ShutterStrobe",
        "shutterEffect": "Strobe",
        "speedStart": "0%",
        "speedEnd": "100%",
        "helpWanted": "At which DMX values is strobe disabled? When is the lamp constantly on/off?"
      }
    },
    "Red": {
      "highlightValue": 255,
      "capability": {
        "type": "ColorIntensity",
        "color": "Red"
      }
    },
    "Green": {
      "highlightValue": 255,
      "capability": {
        "type": "ColorIntensity",
        "color": "Green"
      }
    },
    "Blue": {
      "highlightValue": 255,
      "capability": {
        "type": "ColorIntensity",
        "color": "Blue"
      }
    },
    "White": {
      "highlightValue": 255,
      "capability": {
        "type": "ColorIntensity",
        "color": "White"
      }
    },
    "Amber": {
      "highlightValue": 255,
      "capability": {
        "type": "ColorIntensity",
        "color": "Amber"
      }
    }
  },
  "modes": [
    {
      "name": "2-channel",
      "shortName": "2ch",
      "channels": [
        "Dimmer",
        "Color Macro Simple"
      ]
    },
    {
      "name": "3-channel 1",
      "shortName": "3ch1",
      "channels": [
        "Dimmer",
        "Strobe",
        "Color Macro Advanced"
      ]
    },
    {
      "name": "3-channel 2",
      "shortName": "3ch2",
      "channels": [
        "Red",
        "Green",
        "Blue"
      ]
    },
    {
      "name": "5-channel",
      "shortName": "5ch",
      "channels": [
        "Red",
        "Green",
        "Blue",
        "White",
        "Amber"
      ]
    },
    {
      "name": "8-channel",
      "shortName": "8ch",
      "channels": [
        "Dimmer",
        "Strobe",
        "Red",
        "Green",
        "Blue",
        "White",
        "Amber",
        "Color Macro Advanced"
      ]
    }
  ],
  "fixtureKey": "flat-pro-18",
  "manufacturerKey": "cameo",
  "oflURL": "https://open-fixture-library.org/cameo/flat-pro-18"
}
