{
  "$schema": "https://raw.githubusercontent.com/OpenLightingProject/open-fixture-library/schema-12.5.0/schemas/fixture.json",
  "name": "TS 60 RGBW",
  "categories": ["Color Changer"],
  "meta": {
    "authors": ["Anonymous", "Luke Nelson"],
    "createDate": "2022-10-20",
    "lastModifyDate": "2024-09-03"
  },
  "links": {
    "productPage": [
      "https://www.cameolight.com/en/solutions/dj-musicians/static-lighting/theater-lights/11911/ts-60-w-rgbw",
      "https://www.cameolight.com/en/solutions/dj-musicians/static-lighting/theater-lights/13839/ts-60-w-rgbw-wh"
    ],
    "manual": [
      "https://www.cameolight.com/en/downloads/file/id/1201324186"
    ]
  },
  "physical": {
    "dimensions": [145, 205, 240],
    "weight": 3.6,
    "power": 65,
    "DMXconnector": "3-pin",
    "lens": {
      "name": "Plano-convex",
      "degreesMinMax": [9, 41]
    }
  },
  "availableChannels": {
    "Dimmer": {
      "fineChannelAliases": ["Dimmer fine"],
      "capability": {
        "type": "Intensity"
      }
    },
    "Red": {
      "capability": {
        "type": "ColorIntensity",
        "color": "Red"
      }
    },
    "Green": {
      "capability": {
        "type": "ColorIntensity",
        "color": "Green"
      }
    },
    "Blue": {
      "capability": {
        "type": "ColorIntensity",
        "color": "Blue"
      }
    },
    "White": {
      "capability": {
        "type": "ColorIntensity",
        "color": "White"
      }
    },
    "Strobe": {
      "capabilities": [
        {
          "dmxRange": [0, 5],
          "type": "ShutterStrobe",
          "shutterEffect": "Open"
        },
        {
          "dmxRange": [6, 255],
          "type": "ShutterStrobe",
          "shutterEffect": "Strobe",
          "speedStart": "1Hz",
          "speedEnd": "20Hz"
        }
      ]
    },
    "Colour Macros": {
      "capabilities": [
        {
          "dmxRange": [0, 5],
          "type": "NoFunction"
        },
        {
          "dmxRange": [6, 13],
          "type": "ColorPreset",
          "comment": "Red",
          "colors": ["#ff0000"]
        },
        {
          "dmxRange": [14, 21],
          "type": "ColorPreset",
          "comment": "Amber",
          "colors": ["#ffbf00"]
        },
        {
          "dmxRange": [22, 29],
          "type": "ColorPreset",
          "comment": "Yellow warm",
          "colors": ["#ffdf00"]
        },
        {
          "dmxRange": [30, 37],
          "type": "ColorPreset",
          "comment": "Yellow",
          "colors": ["#ffff00"]
        },
        {
          "dmxRange": [38, 45],
          "type": "ColorPreset",
          "comment": "Green",
          "colors": ["#00ff00"]
        },
        {
          "dmxRange": [46, 53],
          "type": "ColorPreset",
          "comment": "Turquoise",
          "colors": ["#40e0d0"]
        },
        {
          "dmxRange": [54, 61],
          "type": "ColorPreset",
          "comment": "Cyan",
          "colors": ["#00ffff"]
        },
        {
          "dmxRange": [62, 69],
          "type": "ColorPreset",
          "comment": "Blue",
          "colors": ["#0000ff"]
        },
        {
          "dmxRange": [70, 77],
          "type": "ColorPreset",
          "comment": "Lavender",
          "colors": ["#af7cff"]
        },
        {
          "dmxRange": [78, 85],
          "type": "ColorPreset",
          "comment": "Mauve",
          "colors": ["#ff00f1"]
        },
        {
          "dmxRange": [86, 93],
          "type": "ColorPreset",
          "comment": "Magenta",
          "colors": ["#ff00ff"]
        },
        {
          "dmxRange": [94, 101],
          "type": "ColorPreset",
          "comment": "Pink",
          "colors": ["#ffbfff"]
        },
        {
          "dmxRange": [102, 109],
          "type": "ColorPreset",
          "comment": "Warm White",
          "colors": ["#ffdfbf"]
        },
        {
          "dmxRange": [110, 117],
          "type": "ColorPreset",
          "comment": "White",
          "colors": ["#ffffff"]
        },
        {
          "dmxRange": [118, 125],
          "type": "ColorPreset",
          "comment": "Cold White",
          "colors": ["#d0ffff"]
        },
        {
          "dmxRange": [126, 127],
          "type": "Effect",
          "effectPreset": "ColorJump",
          "speed": "stop",
          "comment": "Color Jumping stop"
        },
        {
          "dmxRange": [128, 191],
          "type": "Effect",
          "effectPreset": "ColorJump",
          "speedStart": "slow",
          "speedEnd": "fast",
          "comment": "Colour 1 -> 12"
        },
        {
          "dmxRange": [192, 255],
          "type": "Effect",
          "effectPreset": "ColorFade",
          "speedStart": "slow",
          "speedEnd": "fast",
          "comment": "Colour 1 -> 12"
        }
      ]
    },
    "Colour Temperature": {
      "capabilities": [
        {
          "dmxRange": [0, 5],
          "type": "ColorTemperature",
          "colorTemperature": "default"
        },
        {
          "dmxRange": [6, 255],
          "type": "ColorTemperature",
          "colorTemperatureStart": "7200K",
          "colorTemperatureEnd": "3200K"
        }
      ]
    },
    "Auto Program Speed": {
      "capability": {
        "type": "EffectSpeed",
        "speedStart": "slow",
        "speedEnd": "fast"
      }
    },
    "Sound": {
      "capabilities": [
        {
          "dmxRange": [0, 5],
          "type": "SoundSensitivity",
          "soundSensitivity": "off"
        },
        {
          "dmxRange": [6, 255],
          "type": "SoundSensitivity",
          "soundSensitivityStart": "low",
          "soundSensitivityEnd": "high"
        }
      ]
    },
    "Set Dimmer Curve": {
      "capabilities": [
        {
          "dmxRange": [0, 5],
          "type": "NoFunction"
        },
        {
          "dmxRange": [6, 63],
          "type": "Maintenance",
          "comment": "Linear Dimmer Curve"
        },
        {
          "dmxRange": [64, 127],
          "type": "Maintenance",
          "comment": "Exponential Dimmer Curve"
        },
        {
          "dmxRange": [128, 191],
          "type": "Maintenance",
          "comment": "Logarithmic Dimmer Curve"
        },
        {
          "dmxRange": [192, 255],
          "type": "Maintenance",
          "comment": "S-Curve Dimmer Curve"
        }
      ]
    },
    "Device Settings": {
      "capabilities": [
        {
          "dmxRange": [0, 5],
          "type": "NoFunction"
        },
        {
          "dmxRange": [6, 63],
          "type": "Maintenance",
          "comment": "Dimmer Response LED",
          "hold": "3s"
        },
        {
          "dmxRange": [64, 127],
          "type": "Maintenance",
          "comment": "Dimmer Response Halogen",
          "hold": "3s"
        },
        {
          "dmxRange": [128, 191],
          "type": "Maintenance",
          "comment": "Silent Fan on",
          "hold": "3s"
        },
        {
          "dmxRange": [192, 255],
          "type": "Maintenance",
          "comment": "Silent Fan off",
          "hold": "5s"
        }
      ]
    }
  },
  "modes": [
    {
      "name": "3-channel",
      "shortName": "3ch",
      "channels": [
        "Red",
        "Green",
        "Blue"
      ]
    },
    {
      "name": "4-channel",
      "shortName": "4ch",
      "channels": [
        "Red",
        "Green",
        "Blue",
        "White"
      ]
    },
    {
      "name": "5-channel",
      "shortName": "5ch",
      "channels": [
        "Dimmer",
        "Red",
        "Green",
        "Blue",
        "White"
      ]
    },
    {
      "name": "7-channel",
      "shortName": "7ch",
      "channels": [
        "Dimmer",
        "Dimmer fine",
        "Strobe",
        "Red",
        "Green",
        "Blue",
        "White"
      ]
    },
    {
      "name": "13-channel",
      "shortName": "13ch",
      "channels": [
        "Dimmer",
        "Dimmer fine",
        "Strobe",
        "Red",
        "Green",
        "Blue",
        "White",
        "Colour Macros",
        "Colour Temperature",
        "Auto Program Speed",
        "Sound",
        "Set Dimmer Curve",
        "Device Settings"
      ]
    }
  ],
  "fixtureKey": "ts-60-rgbw",
  "manufacturerKey": "cameo",
  "oflURL": "https://open-fixture-library.org/cameo/ts-60-rgbw"
}
