{
  "$schema": "https://raw.githubusercontent.com/OpenLightingProject/open-fixture-library/schema-12.5.0/schemas/fixture.json",
  "name": "BEAM FURY-1",
  "shortName": "Fury-1",
  "categories": ["Moving Head", "Color Changer"],
  "meta": {
    "authors": ["Arthur Moret", "Ken Harris"],
    "createDate": "2023-05-13",
    "lastModifyDate": "2023-05-13"
  },
  "links": {
    "manual": [
      "https://briteq-lighting.com/fileuploader/download/download/?d=0&file=custom%2Fupload%2FFile-1492782829.pdf"
    ],
    "productPage": [
      "https://briteq-lighting.com/beam-fury-1"
    ],
    "video": [
      "https://www.youtube.com/watch?v=C25Oex-b_HA"
    ]
  },
  "physical": {
    "dimensions": [235.6, 304.5, 185.6],
    "weight": 6.17,
    "power": 80,
    "DMXconnector": "3-pin and 5-pin",
    "bulb": {
      "type": "60W LED",
      "lumens": 490
    },
    "lens": {
      "name": "Manual Frost",
      "degreesMinMax": [4, 45]
    }
  },
  "availableChannels": {
    "Pan": {
      "fineChannelAliases": ["Pan fine"],
      "capability": {
        "type": "Pan",
        "angleStart": "0deg",
        "angleEnd": "630deg",
        "comment": "Range may be limited to 540deg in config menu"
      }
    },
    "Tilt": {
      "fineChannelAliases": ["Tilt fine"],
      "capability": {
        "type": "Tilt",
        "angleStart": "0deg",
        "angleEnd": "270deg"
      }
    },
    "Pan/Tilt Speed": {
      "capabilities": [
        {
          "dmxRange": [0, 225],
          "type": "PanTiltSpeed",
          "speedStart": "fast",
          "speedEnd": "slow"
        },
        {
          "dmxRange": [226, 235],
          "type": "Maintenance",
          "comment": "blackout by movement"
        },
        {
          "dmxRange": [236, 245],
          "type": "Maintenance",
          "hold": "3s",
          "comment": "All Motor Reset"
        },
        {
          "dmxRange": [246, 255],
          "type": "NoFunction"
        }
      ]
    },
    "Pan Continuous Rotation": {
      "capabilities": [
        {
          "dmxRange": [0, 127],
          "type": "NoFunction"
        },
        {
          "dmxRange": [128, 189],
          "type": "PanContinuous",
          "speedStart": "fast CW",
          "speedEnd": "slow CW"
        },
        {
          "dmxRange": [190, 193],
          "type": "PanContinuous",
          "speed": "stop"
        },
        {
          "dmxRange": [194, 255],
          "type": "PanContinuous",
          "speedStart": "fast CCW",
          "speedEnd": "slow CCW",
          "helpWanted": "Is this really fast…slow or slow…fast?"
        }
      ]
    },
    "Tilt Continuous Rotation": {
      "capabilities": [
        {
          "dmxRange": [0, 127],
          "type": "NoFunction"
        },
        {
          "dmxRange": [128, 189],
          "type": "TiltContinuous",
          "speedStart": "fast CW",
          "speedEnd": "slow CW"
        },
        {
          "dmxRange": [190, 193],
          "type": "TiltContinuous",
          "speed": "stop"
        },
        {
          "dmxRange": [194, 255],
          "type": "TiltContinuous",
          "speedStart": "fast CCW",
          "speedEnd": "slow CCW",
          "helpWanted": "Is this really fast…slow or slow…fast?"
        }
      ]
    },
    "Red": {
      "capability": {
        "type": "ColorIntensity",
        "color": "Red"
      }
    },
    "Green": {
      "capability": {
        "type": "ColorIntensity",
        "color": "Green"
      }
    },
    "Blue": {
      "capability": {
        "type": "ColorIntensity",
        "color": "Blue"
      }
    },
    "White": {
      "capability": {
        "type": "ColorIntensity",
        "color": "White"
      }
    },
    "Shutter / Strobe": {
      "capabilities": [
        {
          "dmxRange": [0, 31],
          "type": "ShutterStrobe",
          "shutterEffect": "Closed"
        },
        {
          "dmxRange": [32, 63],
          "type": "ShutterStrobe",
          "shutterEffect": "Open"
        },
        {
          "dmxRange": [64, 95],
          "type": "ShutterStrobe",
          "shutterEffect": "Strobe",
          "speedStart": "slow",
          "speedEnd": "fast"
        },
        {
          "dmxRange": [96, 127],
          "type": "ShutterStrobe",
          "shutterEffect": "Open"
        },
        {
          "dmxRange": [128, 159],
          "type": "ShutterStrobe",
          "shutterEffect": "Pulse"
        },
        {
          "dmxRange": [160, 191],
          "type": "ShutterStrobe",
          "shutterEffect": "Open"
        },
        {
          "dmxRange": [192, 223],
          "type": "ShutterStrobe",
          "shutterEffect": "Strobe",
          "speedStart": "slow",
          "speedEnd": "fast",
          "randomTiming": true
        },
        {
          "dmxRange": [224, 255],
          "type": "ShutterStrobe",
          "shutterEffect": "Open"
        }
      ]
    },
    "Dimmer": {
      "capability": {
        "type": "Intensity"
      }
    },
    "Color Macros": {
      "capabilities": [
        {
          "dmxRange": [0, 7],
          "type": "NoFunction",
          "comment": "Normal"
        },
        {
          "dmxRange": [8, 39],
          "type": "ColorPreset",
          "colorsStart": ["#ff0000"],
          "colorsEnd": ["#ffff00"],
          "comment": "Red…Yellow"
        },
        {
          "dmxRange": [40, 71],
          "type": "ColorPreset",
          "colorsStart": ["#ffff00"],
          "colorsEnd": ["#00ff00"],
          "comment": "Yellow…Green"
        },
        {
          "dmxRange": [72, 103],
          "type": "ColorPreset",
          "colorsStart": ["#00ff00"],
          "colorsEnd": ["#00ffff"],
          "comment": "Green…Cyan"
        },
        {
          "dmxRange": [104, 135],
          "type": "ColorPreset",
          "colorsStart": ["#00ffff"],
          "colorsEnd": ["#0000ff"],
          "comment": "Cyan…Blue"
        },
        {
          "dmxRange": [136, 167],
          "type": "ColorPreset",
          "colorsStart": ["#0000ff"],
          "colorsEnd": ["#ff00ff"],
          "comment": "Blue…Magenta"
        },
        {
          "dmxRange": [168, 199],
          "type": "ColorPreset",
          "colorsStart": ["#ff00ff"],
          "colorsEnd": ["#ff0000"],
          "comment": "Magenta…Red"
        },
        {
          "dmxRange": [200, 231],
          "type": "ColorPreset",
          "colorsStart": ["#ff0000"],
          "colorsEnd": ["#ffffff"],
          "comment": "Red…White"
        },
        {
          "dmxRange": [232, 255],
          "type": "Effect",
          "effectPreset": "ColorFade",
          "speedStart": "slow",
          "speedEnd": "fast"
        }
      ]
    }
  },
  "modes": [
    {
      "name": "12-channel",
      "shortName": "12ch",
      "channels": [
        "Pan",
        "Tilt",
        "Pan/Tilt Speed",
        "Pan Continuous Rotation",
        "Tilt Continuous Rotation",
        "Red",
        "Green",
        "Blue",
        "White",
        "Shutter / Strobe",
        "Dimmer",
        "Color Macros"
      ]
    },
    {
      "name": "14-channel",
      "shortName": "14ch",
      "channels": [
        "Pan",
        "Pan fine",
        "Tilt",
        "Tilt fine",
        "Pan/Tilt Speed",
        "Pan Continuous Rotation",
        "Tilt Continuous Rotation",
        "Red",
        "Green",
        "Blue",
        "White",
        "Shutter / Strobe",
        "Dimmer",
        "Color Macros"
      ]
    }
  ],
  "fixtureKey": "beam-fury-1",
  "manufacturerKey": "briteq",
  "oflURL": "https://open-fixture-library.org/briteq/beam-fury-1"
}
