{
  "$schema": "https://raw.githubusercontent.com/OpenLightingProject/open-fixture-library/schema-12.5.0/schemas/fixture.json",
  "name": "DJ Lights",
  "categories": ["Flower", "Color Changer"],
  "meta": {
    "authors": ["Anonymous"],
    "createDate": "2020-04-17",
    "lastModifyDate": "2020-04-17"
  },
  "links": {
    "productPage": [
      "https://www.amazon.com/dp/B011QEVO44"
    ],
    "video": [
      "https://www.youtube.com/watch?v=jYfDDvw0aEU"
    ]
  },
  "physical": {
    "dimensions": [188, 196, 229],
    "weight": 1.3,
    "DMXconnector": "3-pin",
    "bulb": {
      "type": "30W LED"
    }
  },
  "availableChannels": {
    "Dimmer": {
      "capability": {
        "type": "Intensity"
      }
    },
    "Red + Orange Dimmer": {
      "capability": {
        "type": "ColorIntensity",
        "color": "Red"
      }
    },
    "Green + Purple Dimmer": {
      "capability": {
        "type": "ColorIntensity",
        "color": "Green"
      }
    },
    "Blue + White": {
      "capability": {
        "type": "ColorIntensity",
        "color": "Blue"
      }
    },
    "Green + Yellow Dimmer": {
      "capability": {
        "type": "ColorIntensity",
        "color": "Yellow"
      }
    },
    "Shutter / Strobe": {
      "capability": {
        "type": "StrobeSpeed",
        "speedStart": "slow",
        "speedEnd": "fast",
        "helpWanted": "The manual states fast…slow, which direction is correct? At which DMX values is the light constantly on or off?"
      }
    },
    "Light Always On": {
      "capability": {
        "type": "EffectSpeed",
        "speedStart": "slow",
        "speedEnd": "fast",
        "helpWanted": "What does this channel do?"
      }
    },
    "Sound Mode": {
      "capability": {
        "type": "Effect",
        "effectName": "Sound mode",
        "helpWanted": "At which DMX values is sound mode deactivated? Are there different effects at different DMX values?"
      }
    }
  },
  "modes": [
    {
      "name": "8-channel",
      "shortName": "8ch",
      "channels": [
        "Dimmer",
        "Red + Orange Dimmer",
        "Green + Purple Dimmer",
        "Blue + White",
        "Green + Yellow Dimmer",
        "Shutter / Strobe",
        "Light Always On",
        "Sound Mode"
      ]
    }
  ],
  "fixtureKey": "dj-lights",
  "manufacturerKey": "lalucenatz",
  "oflURL": "https://open-fixture-library.org/lalucenatz/dj-lights"
}
