{
  "$schema": "https://raw.githubusercontent.com/OpenLightingProject/open-fixture-library/schema-12.5.0/schemas/fixture.json",
  "name": "ColorSpot 2500E AT",
  "shortName": "robeSpot2500",
  "categories": ["Moving Head", "Color Changer"],
  "meta": {
    "authors": ["novasfronteiras.co"],
    "createDate": "2017-09-07",
    "lastModifyDate": "2018-09-04"
  },
  "links": {
    "manual": [
      "https://www.robe.cz/api/support-files/download/downloads/user_manuals/User_manual_ColorSpot_2500E_AT.pdf"
    ],
    "productPage": [
      "https://www.robe.cz/colorspot-2500e-at"
    ]
  },
  "rdm": {
    "modelId": 7
  },
  "physical": {
    "dimensions": [536, 638, 678],
    "weight": 42.5,
    "power": 1760,
    "DMXconnector": "3-pin and 5-pin",
    "bulb": {
      "type": "Philips MSR GOLD 1200 FastFit",
      "colorTemperature": 6300
    },
    "lens": {
      "degreesMinMax": [10, 30]
    }
  },
  "wheels": {
    "Color Wheel": {
      "slots": [
        {
          "type": "Open"
        },
        {
          "type": "Color",
          "name": "Deep Red",
          "colors": ["#dd0000"]
        },
        {
          "type": "Color",
          "name": "Deep Blue",
          "colors": ["#0000dd"]
        },
        {
          "type": "Color",
          "name": "Green",
          "colors": ["#00ff00"]
        },
        {
          "type": "Color",
          "name": "Orange",
          "colors": ["#ff9900"]
        },
        {
          "type": "Color",
          "name": "White",
          "colors": ["#fff6ed"],
          "colorTemperature": "6000K"
        },
        {
          "type": "Color",
          "name": "UV Filter",
          "colors": ["#8800ff"]
        }
      ]
    },
    "Gobo Wheel 1": {
      "slots": [
        {
          "type": "Open"
        },
        {
          "type": "Gobo",
          "name": "Rainbow Chips 15030012"
        },
        {
          "type": "Gobo",
          "name": "Sun Man 15030013"
        },
        {
          "type": "Gobo",
          "name": "Water Drops 15030014"
        },
        {
          "type": "Gobo",
          "name": "Triangle Floating 15020123"
        },
        {
          "type": "Gobo",
          "name": "Laser 15020124"
        },
        {
          "type": "Gobo",
          "name": "Swirl Electric 15020125"
        }
      ]
    },
    "Gobo Wheel 2": {
      "slots": [
        {
          "type": "Open"
        },
        {
          "type": "Gobo",
          "name": "Diamante Spot 15040020"
        },
        {
          "type": "Gobo",
          "name": "Wheel 15020126"
        },
        {
          "type": "Gobo",
          "name": "Space Tunel 15020127"
        },
        {
          "type": "Gobo",
          "name": "Bubbles 1 15020128"
        },
        {
          "type": "Gobo",
          "name": "12 Dots 15020129"
        },
        {
          "type": "Gobo",
          "name": "Radial Dashes 15020130"
        }
      ]
    }
  },
  "availableChannels": {
    "Pan": {
      "fineChannelAliases": ["Pan fine"],
      "defaultValue": "50%",
      "capability": {
        "type": "Pan",
        "angleStart": "0deg",
        "angleEnd": "530deg"
      }
    },
    "Tilt": {
      "fineChannelAliases": ["Tilt fine"],
      "defaultValue": "50%",
      "capability": {
        "type": "Tilt",
        "angleStart": "0deg",
        "angleEnd": "260deg"
      }
    },
    "Pan/Tilt Speed": {
      "capability": {
        "type": "PanTiltSpeed",
        "speedStart": "fast",
        "speedEnd": "slow"
      }
    },
    "Power/Special functions": {
      "capabilities": [
        {
          "dmxRange": [0, 9],
          "type": "NoFunction",
          "comment": "reserved"
        },
        {
          "dmxRange": [10, 19],
          "type": "Maintenance",
          "comment": "autofocus on"
        },
        {
          "dmxRange": [20, 29],
          "type": "Maintenance",
          "comment": "autofocus off"
        },
        {
          "dmxRange": [30, 49],
          "type": "NoFunction",
          "comment": "reserved"
        },
        {
          "dmxRange": [50, 59],
          "type": "Maintenance",
          "comment": "pan/tilt speed mode"
        },
        {
          "dmxRange": [60, 69],
          "type": "Maintenance",
          "comment": "pan/tilt time mode"
        },
        {
          "dmxRange": [70, 79],
          "type": "Maintenance",
          "comment": "blackout while pan/tilt moving"
        },
        {
          "dmxRange": [80, 89],
          "type": "Maintenance",
          "comment": "disabled blackout while pan/tilt moving"
        },
        {
          "dmxRange": [90, 99],
          "type": "Maintenance",
          "comment": "blackout while colour wheel moving"
        },
        {
          "dmxRange": [100, 109],
          "type": "Maintenance",
          "comment": "disabled blackout while colour wheel moving"
        },
        {
          "dmxRange": [110, 119],
          "type": "Maintenance",
          "comment": "blackout while gobo 1/gobo 2 moving"
        },
        {
          "dmxRange": [120, 129],
          "type": "Maintenance",
          "comment": "disabled blackout while gobo 1/gobo 2 moving"
        },
        {
          "dmxRange": [130, 139],
          "type": "Maintenance",
          "comment": "lamp on, reset"
        },
        {
          "dmxRange": [140, 149],
          "type": "Maintenance",
          "comment": "pan/tilt reset"
        },
        {
          "dmxRange": [150, 159],
          "type": "Maintenance",
          "comment": "colour system reset"
        },
        {
          "dmxRange": [160, 169],
          "type": "Maintenance",
          "comment": "gobo system reset"
        },
        {
          "dmxRange": [170, 179],
          "type": "Maintenance",
          "comment": "dimmer/strobe reset"
        },
        {
          "dmxRange": [180, 189],
          "type": "Maintenance",
          "comment": "focus/zoom/frost reset"
        },
        {
          "dmxRange": [190, 199],
          "type": "Maintenance",
          "comment": "iris/effect/reset"
        },
        {
          "dmxRange": [200, 209],
          "type": "Maintenance",
          "comment": "total reset"
        },
        {
          "dmxRange": [210, 229],
          "type": "NoFunction",
          "comment": "reserved"
        },
        {
          "dmxRange": [230, 239],
          "type": "Maintenance",
          "comment": "lamp off"
        },
        {
          "dmxRange": [240, 255],
          "type": "NoFunction",
          "comment": "reserved"
        }
      ]
    },
    "Pan/Tilt Macro": {
      "capabilities": [
        {
          "dmxRange": [0, 9],
          "type": "NoFunction",
          "comment": "Disabled"
        },
        {
          "dmxRange": [10, 31],
          "type": "NoFunction",
          "comment": "Reserved"
        },
        {
          "dmxRange": [32, 63],
          "type": "Effect",
          "effectName": "Circle",
          "parameterStart": "small",
          "parameterEnd": "big"
        },
        {
          "dmxRange": [64, 95],
          "type": "Effect",
          "effectName": "Horizontal Eight",
          "parameterStart": "small",
          "parameterEnd": "big"
        },
        {
          "dmxRange": [96, 127],
          "type": "Effect",
          "effectName": "Vertical Eight",
          "parameterStart": "small",
          "parameterEnd": "big"
        },
        {
          "dmxRange": [128, 159],
          "type": "Effect",
          "effectName": "Rectangle",
          "parameterStart": "small",
          "parameterEnd": "big"
        },
        {
          "dmxRange": [160, 191],
          "type": "Effect",
          "effectName": "Triangle",
          "parameterStart": "small",
          "parameterEnd": "big"
        },
        {
          "dmxRange": [192, 223],
          "type": "Effect",
          "effectName": "Star",
          "parameterStart": "small",
          "parameterEnd": "big"
        },
        {
          "dmxRange": [224, 255],
          "type": "Effect",
          "effectName": "Cross",
          "parameterStart": "small",
          "parameterEnd": "big"
        }
      ]
    },
    "Pan/Tilt Macro Speed": {
      "capabilities": [
        {
          "dmxRange": [0, 0],
          "type": "NoFunction",
          "comment": "No macro"
        },
        {
          "dmxRange": [1, 127],
          "type": "EffectSpeed",
          "speedStart": "fast",
          "speedEnd": "slow"
        },
        {
          "dmxRange": [128, 129],
          "type": "EffectSpeed",
          "speed": "stop"
        },
        {
          "dmxRange": [130, 255],
          "type": "EffectSpeed",
          "speedStart": "slow reverse",
          "speedEnd": "fast reverse"
        }
      ]
    },
    "Color Wheel": {
      "capabilities": [
        {
          "dmxRange": [0, 0],
          "type": "WheelSlot",
          "slotNumber": 1
        },
        {
          "dmxRange": [1, 17],
          "type": "WheelSlot",
          "slotNumberStart": 1,
          "slotNumberEnd": 2
        },
        {
          "dmxRange": [18, 18],
          "type": "WheelSlot",
          "slotNumber": 2
        },
        {
          "dmxRange": [19, 36],
          "type": "WheelSlot",
          "slotNumberStart": 2,
          "slotNumberEnd": 3
        },
        {
          "dmxRange": [37, 37],
          "type": "WheelSlot",
          "slotNumber": 3
        },
        {
          "dmxRange": [38, 54],
          "type": "WheelSlot",
          "slotNumberStart": 3,
          "slotNumberEnd": 4
        },
        {
          "dmxRange": [55, 55],
          "type": "WheelSlot",
          "slotNumber": 4
        },
        {
          "dmxRange": [56, 72],
          "type": "WheelSlot",
          "slotNumberStart": 4,
          "slotNumberEnd": 5
        },
        {
          "dmxRange": [73, 73],
          "type": "WheelSlot",
          "slotNumber": 5
        },
        {
          "dmxRange": [74, 90],
          "type": "WheelSlot",
          "slotNumberStart": 5,
          "slotNumberEnd": 6
        },
        {
          "dmxRange": [91, 91],
          "type": "WheelSlot",
          "slotNumber": 6
        },
        {
          "dmxRange": [92, 109],
          "type": "WheelSlot",
          "slotNumberStart": 6,
          "slotNumberEnd": 7
        },
        {
          "dmxRange": [110, 110],
          "type": "WheelSlot",
          "slotNumber": 7
        },
        {
          "dmxRange": [111, 127],
          "type": "WheelSlot",
          "slotNumberStart": 7,
          "slotNumberEnd": 8
        },
        {
          "dmxRange": [128, 129],
          "type": "WheelSlot",
          "slotNumber": 1
        },
        {
          "dmxRange": [130, 139],
          "type": "WheelSlot",
          "slotNumber": 2
        },
        {
          "dmxRange": [140, 149],
          "type": "WheelSlot",
          "slotNumber": 3
        },
        {
          "dmxRange": [150, 159],
          "type": "WheelSlot",
          "slotNumber": 4
        },
        {
          "dmxRange": [160, 169],
          "type": "WheelSlot",
          "slotNumber": 5
        },
        {
          "dmxRange": [170, 179],
          "type": "WheelSlot",
          "slotNumber": 6
        },
        {
          "dmxRange": [180, 189],
          "type": "WheelSlot",
          "slotNumber": 7
        },
        {
          "dmxRange": [190, 215],
          "type": "WheelRotation",
          "speedStart": "fast CW",
          "speedEnd": "slow CW"
        },
        {
          "dmxRange": [216, 217],
          "type": "WheelRotation",
          "speed": "stop"
        },
        {
          "dmxRange": [218, 243],
          "type": "WheelRotation",
          "speedStart": "slow CCW",
          "speedEnd": "fast CCW"
        },
        {
          "dmxRange": [244, 249],
          "type": "Effect",
          "effectName": "random color by audio control",
          "soundControlled": true
        },
        {
          "dmxRange": [250, 255],
          "type": "Effect",
          "effectName": "auto random color"
        }
      ]
    },
    "Cyan": {
      "capability": {
        "type": "ColorIntensity",
        "color": "Cyan"
      }
    },
    "Magenta": {
      "capability": {
        "type": "ColorIntensity",
        "color": "Magenta"
      }
    },
    "Yellow": {
      "capability": {
        "type": "ColorIntensity",
        "color": "Yellow"
      }
    },
    "Color Temperature": {
      "capability": {
        "type": "ColorTemperature",
        "colorTemperatureStart": "5600K",
        "colorTemperatureEnd": "3200K"
      }
    },
    "Color Macros": {
      "capabilities": [
        {
          "dmxRange": [0, 3],
          "type": "NoFunction"
        },
        {
          "dmxRange": [4, 7],
          "type": "ColorPreset",
          "comment": "Macro 1",
          "helpWanted": "Which colors are Macro 1 until Macro 63?"
        },
        {
          "dmxRange": [8, 11],
          "type": "ColorPreset",
          "comment": "Macro 2"
        },
        {
          "dmxRange": [12, 15],
          "type": "ColorPreset",
          "comment": "Macro 3"
        },
        {
          "dmxRange": [16, 19],
          "type": "ColorPreset",
          "comment": "Macro 4"
        },
        {
          "dmxRange": [20, 23],
          "type": "ColorPreset",
          "comment": "Macro 5"
        },
        {
          "dmxRange": [24, 27],
          "type": "ColorPreset",
          "comment": "Macro 6"
        },
        {
          "dmxRange": [28, 31],
          "type": "ColorPreset",
          "comment": "Macro 7"
        },
        {
          "dmxRange": [32, 35],
          "type": "ColorPreset",
          "comment": "Macro 8"
        },
        {
          "dmxRange": [36, 39],
          "type": "ColorPreset",
          "comment": "Macro 9"
        },
        {
          "dmxRange": [40, 43],
          "type": "ColorPreset",
          "comment": "Macro 10"
        },
        {
          "dmxRange": [44, 47],
          "type": "ColorPreset",
          "comment": "Macro 11"
        },
        {
          "dmxRange": [48, 51],
          "type": "ColorPreset",
          "comment": "Macro 12"
        },
        {
          "dmxRange": [52, 55],
          "type": "ColorPreset",
          "comment": "Macro 13"
        },
        {
          "dmxRange": [56, 59],
          "type": "ColorPreset",
          "comment": "Macro 14"
        },
        {
          "dmxRange": [60, 63],
          "type": "ColorPreset",
          "comment": "Macro 15"
        },
        {
          "dmxRange": [64, 67],
          "type": "ColorPreset",
          "comment": "Macro 16"
        },
        {
          "dmxRange": [68, 71],
          "type": "ColorPreset",
          "comment": "Macro 17"
        },
        {
          "dmxRange": [72, 75],
          "type": "ColorPreset",
          "comment": "Macro 18"
        },
        {
          "dmxRange": [76, 79],
          "type": "ColorPreset",
          "comment": "Macro 19"
        },
        {
          "dmxRange": [80, 83],
          "type": "ColorPreset",
          "comment": "Macro 20"
        },
        {
          "dmxRange": [84, 87],
          "type": "ColorPreset",
          "comment": "Macro 21"
        },
        {
          "dmxRange": [88, 91],
          "type": "ColorPreset",
          "comment": "Macro 22"
        },
        {
          "dmxRange": [92, 95],
          "type": "ColorPreset",
          "comment": "Macro 23"
        },
        {
          "dmxRange": [96, 99],
          "type": "ColorPreset",
          "comment": "Macro 24"
        },
        {
          "dmxRange": [100, 103],
          "type": "ColorPreset",
          "comment": "Macro 25"
        },
        {
          "dmxRange": [104, 107],
          "type": "ColorPreset",
          "comment": "Macro 26"
        },
        {
          "dmxRange": [108, 111],
          "type": "ColorPreset",
          "comment": "Macro 27"
        },
        {
          "dmxRange": [112, 115],
          "type": "ColorPreset",
          "comment": "Macro 28"
        },
        {
          "dmxRange": [116, 119],
          "type": "ColorPreset",
          "comment": "Macro 29"
        },
        {
          "dmxRange": [120, 123],
          "type": "ColorPreset",
          "comment": "Macro 30"
        },
        {
          "dmxRange": [124, 127],
          "type": "ColorPreset",
          "comment": "Macro 31"
        },
        {
          "dmxRange": [128, 131],
          "type": "ColorPreset",
          "comment": "Macro 32"
        },
        {
          "dmxRange": [132, 135],
          "type": "ColorPreset",
          "comment": "Macro 33"
        },
        {
          "dmxRange": [136, 139],
          "type": "ColorPreset",
          "comment": "Macro 34"
        },
        {
          "dmxRange": [140, 143],
          "type": "ColorPreset",
          "comment": "Macro 35"
        },
        {
          "dmxRange": [144, 147],
          "type": "ColorPreset",
          "comment": "Macro 36"
        },
        {
          "dmxRange": [148, 151],
          "type": "ColorPreset",
          "comment": "Macro 37"
        },
        {
          "dmxRange": [152, 155],
          "type": "ColorPreset",
          "comment": "Macro 38"
        },
        {
          "dmxRange": [156, 159],
          "type": "ColorPreset",
          "comment": "Macro 39"
        },
        {
          "dmxRange": [160, 163],
          "type": "ColorPreset",
          "comment": "Macro 40"
        },
        {
          "dmxRange": [164, 167],
          "type": "ColorPreset",
          "comment": "Macro 41"
        },
        {
          "dmxRange": [168, 171],
          "type": "ColorPreset",
          "comment": "Macro 42"
        },
        {
          "dmxRange": [172, 175],
          "type": "ColorPreset",
          "comment": "Macro 43"
        },
        {
          "dmxRange": [176, 179],
          "type": "ColorPreset",
          "comment": "Macro 44"
        },
        {
          "dmxRange": [180, 183],
          "type": "ColorPreset",
          "comment": "Macro 45"
        },
        {
          "dmxRange": [184, 187],
          "type": "ColorPreset",
          "comment": "Macro 46"
        },
        {
          "dmxRange": [188, 191],
          "type": "ColorPreset",
          "comment": "Macro 47"
        },
        {
          "dmxRange": [192, 195],
          "type": "ColorPreset",
          "comment": "Macro 48"
        },
        {
          "dmxRange": [196, 199],
          "type": "ColorPreset",
          "comment": "Macro 49"
        },
        {
          "dmxRange": [200, 203],
          "type": "ColorPreset",
          "comment": "Macro 50"
        },
        {
          "dmxRange": [204, 207],
          "type": "ColorPreset",
          "comment": "Macro 51"
        },
        {
          "dmxRange": [208, 211],
          "type": "ColorPreset",
          "comment": "Macro 52"
        },
        {
          "dmxRange": [212, 215],
          "type": "ColorPreset",
          "comment": "Macro 53"
        },
        {
          "dmxRange": [216, 219],
          "type": "ColorPreset",
          "comment": "Macro 54"
        },
        {
          "dmxRange": [220, 223],
          "type": "ColorPreset",
          "comment": "Macro 55"
        },
        {
          "dmxRange": [224, 227],
          "type": "ColorPreset",
          "comment": "Macro 56"
        },
        {
          "dmxRange": [228, 231],
          "type": "ColorPreset",
          "comment": "Macro 57"
        },
        {
          "dmxRange": [232, 235],
          "type": "ColorPreset",
          "comment": "Macro 58"
        },
        {
          "dmxRange": [236, 239],
          "type": "ColorPreset",
          "comment": "Macro 59"
        },
        {
          "dmxRange": [240, 243],
          "type": "ColorPreset",
          "comment": "Macro 60"
        },
        {
          "dmxRange": [244, 247],
          "type": "ColorPreset",
          "comment": "Macro 61"
        },
        {
          "dmxRange": [248, 251],
          "type": "ColorPreset",
          "comment": "Macro 62"
        },
        {
          "dmxRange": [252, 255],
          "type": "ColorPreset",
          "comment": "Macro 63"
        }
      ]
    },
    "Effect Speed": {
      "capability": {
        "type": "EffectSpeed",
        "speedStart": "fast",
        "speedEnd": "slow"
      }
    },
    "Effect Speed assigning": {
      "capabilities": [
        {
          "dmxRange": [0, 31],
          "type": "Maintenance",
          "comment": "Dimmer + CMY filters + correction filter"
        },
        {
          "dmxRange": [32, 63],
          "type": "Maintenance",
          "comment": "Dimmer"
        },
        {
          "dmxRange": [64, 95],
          "type": "Maintenance",
          "comment": "CMY filters + correction filter"
        },
        {
          "dmxRange": [96, 255],
          "type": "NoFunction"
        }
      ]
    },
    "Gobo Wheel 1": {
      "defaultValue": 0,
      "capabilities": [
        {
          "dmxRange": [0, 9],
          "type": "WheelSlot",
          "slotNumber": 1,
          "switchChannels": {
            "Gobo 1 indexing/rotation": "Gobo 1 indexing",
            "Gobo 1 indexing/rotation fine": "Gobo 1 indexing fine"
          }
        },
        {
          "dmxRange": [10, 13],
          "type": "WheelSlot",
          "slotNumber": 2,
          "comment": "indexed",
          "switchChannels": {
            "Gobo 1 indexing/rotation": "Gobo 1 indexing",
            "Gobo 1 indexing/rotation fine": "Gobo 1 indexing fine"
          }
        },
        {
          "dmxRange": [14, 17],
          "type": "WheelSlot",
          "slotNumber": 3,
          "comment": "indexed",
          "switchChannels": {
            "Gobo 1 indexing/rotation": "Gobo 1 indexing",
            "Gobo 1 indexing/rotation fine": "Gobo 1 indexing fine"
          }
        },
        {
          "dmxRange": [18, 21],
          "type": "WheelSlot",
          "slotNumber": 4,
          "comment": "indexed",
          "switchChannels": {
            "Gobo 1 indexing/rotation": "Gobo 1 indexing",
            "Gobo 1 indexing/rotation fine": "Gobo 1 indexing fine"
          }
        },
        {
          "dmxRange": [22, 25],
          "type": "WheelSlot",
          "slotNumber": 5,
          "comment": "indexed",
          "switchChannels": {
            "Gobo 1 indexing/rotation": "Gobo 1 indexing",
            "Gobo 1 indexing/rotation fine": "Gobo 1 indexing fine"
          }
        },
        {
          "dmxRange": [26, 29],
          "type": "WheelSlot",
          "slotNumber": 6,
          "comment": "indexed",
          "switchChannels": {
            "Gobo 1 indexing/rotation": "Gobo 1 indexing",
            "Gobo 1 indexing/rotation fine": "Gobo 1 indexing fine"
          }
        },
        {
          "dmxRange": [30, 33],
          "type": "WheelSlot",
          "slotNumber": 7,
          "comment": "indexed",
          "switchChannels": {
            "Gobo 1 indexing/rotation": "Gobo 1 indexing",
            "Gobo 1 indexing/rotation fine": "Gobo 1 indexing fine"
          }
        },
        {
          "dmxRange": [34, 37],
          "type": "WheelSlot",
          "slotNumber": 2,
          "comment": "rotation",
          "switchChannels": {
            "Gobo 1 indexing/rotation": "Gobo 1 rotation",
            "Gobo 1 indexing/rotation fine": "Gobo 1 rotation fine"
          }
        },
        {
          "dmxRange": [38, 41],
          "type": "WheelSlot",
          "slotNumber": 3,
          "comment": "rotation",
          "switchChannels": {
            "Gobo 1 indexing/rotation": "Gobo 1 rotation",
            "Gobo 1 indexing/rotation fine": "Gobo 1 rotation fine"
          }
        },
        {
          "dmxRange": [42, 45],
          "type": "WheelSlot",
          "slotNumber": 4,
          "comment": "rotation",
          "switchChannels": {
            "Gobo 1 indexing/rotation": "Gobo 1 rotation",
            "Gobo 1 indexing/rotation fine": "Gobo 1 rotation fine"
          }
        },
        {
          "dmxRange": [46, 49],
          "type": "WheelSlot",
          "slotNumber": 5,
          "comment": "rotation",
          "switchChannels": {
            "Gobo 1 indexing/rotation": "Gobo 1 rotation",
            "Gobo 1 indexing/rotation fine": "Gobo 1 rotation fine"
          }
        },
        {
          "dmxRange": [50, 53],
          "type": "WheelSlot",
          "slotNumber": 6,
          "comment": "rotation",
          "switchChannels": {
            "Gobo 1 indexing/rotation": "Gobo 1 rotation",
            "Gobo 1 indexing/rotation fine": "Gobo 1 rotation fine"
          }
        },
        {
          "dmxRange": [54, 57],
          "type": "WheelSlot",
          "slotNumber": 7,
          "comment": "rotation",
          "switchChannels": {
            "Gobo 1 indexing/rotation": "Gobo 1 rotation",
            "Gobo 1 indexing/rotation fine": "Gobo 1 rotation fine"
          }
        },
        {
          "dmxRange": [58, 69],
          "type": "WheelShake",
          "slotNumber": 2,
          "shakeSpeedStart": "slow",
          "shakeSpeedEnd": "fast",
          "comment": "indexed",
          "switchChannels": {
            "Gobo 1 indexing/rotation": "Gobo 1 indexing",
            "Gobo 1 indexing/rotation fine": "Gobo 1 indexing fine"
          }
        },
        {
          "dmxRange": [70, 81],
          "type": "WheelShake",
          "slotNumber": 3,
          "shakeSpeedStart": "slow",
          "shakeSpeedEnd": "fast",
          "comment": "indexed",
          "switchChannels": {
            "Gobo 1 indexing/rotation": "Gobo 1 indexing",
            "Gobo 1 indexing/rotation fine": "Gobo 1 indexing fine"
          }
        },
        {
          "dmxRange": [82, 93],
          "type": "WheelShake",
          "slotNumber": 4,
          "shakeSpeedStart": "slow",
          "shakeSpeedEnd": "fast",
          "comment": "indexed",
          "switchChannels": {
            "Gobo 1 indexing/rotation": "Gobo 1 indexing",
            "Gobo 1 indexing/rotation fine": "Gobo 1 indexing fine"
          }
        },
        {
          "dmxRange": [94, 105],
          "type": "WheelShake",
          "slotNumber": 5,
          "shakeSpeedStart": "slow",
          "shakeSpeedEnd": "fast",
          "comment": "indexed",
          "switchChannels": {
            "Gobo 1 indexing/rotation": "Gobo 1 indexing",
            "Gobo 1 indexing/rotation fine": "Gobo 1 indexing fine"
          }
        },
        {
          "dmxRange": [106, 117],
          "type": "WheelShake",
          "slotNumber": 6,
          "shakeSpeedStart": "slow",
          "shakeSpeedEnd": "fast",
          "comment": "indexed",
          "switchChannels": {
            "Gobo 1 indexing/rotation": "Gobo 1 indexing",
            "Gobo 1 indexing/rotation fine": "Gobo 1 indexing fine"
          }
        },
        {
          "dmxRange": [118, 129],
          "type": "WheelShake",
          "slotNumber": 7,
          "shakeSpeedStart": "slow",
          "shakeSpeedEnd": "fast",
          "comment": "indexed",
          "switchChannels": {
            "Gobo 1 indexing/rotation": "Gobo 1 indexing",
            "Gobo 1 indexing/rotation fine": "Gobo 1 indexing fine"
          }
        },
        {
          "dmxRange": [130, 141],
          "type": "WheelShake",
          "slotNumber": 2,
          "shakeSpeedStart": "slow",
          "shakeSpeedEnd": "fast",
          "comment": "rotation",
          "switchChannels": {
            "Gobo 1 indexing/rotation": "Gobo 1 rotation",
            "Gobo 1 indexing/rotation fine": "Gobo 1 rotation fine"
          }
        },
        {
          "dmxRange": [142, 153],
          "type": "WheelShake",
          "slotNumber": 3,
          "shakeSpeedStart": "slow",
          "shakeSpeedEnd": "fast",
          "comment": "rotation",
          "switchChannels": {
            "Gobo 1 indexing/rotation": "Gobo 1 rotation",
            "Gobo 1 indexing/rotation fine": "Gobo 1 rotation fine"
          }
        },
        {
          "dmxRange": [154, 165],
          "type": "WheelShake",
          "slotNumber": 4,
          "shakeSpeedStart": "slow",
          "shakeSpeedEnd": "fast",
          "comment": "rotation",
          "switchChannels": {
            "Gobo 1 indexing/rotation": "Gobo 1 rotation",
            "Gobo 1 indexing/rotation fine": "Gobo 1 rotation fine"
          }
        },
        {
          "dmxRange": [166, 177],
          "type": "WheelShake",
          "slotNumber": 5,
          "shakeSpeedStart": "slow",
          "shakeSpeedEnd": "fast",
          "comment": "rotation",
          "switchChannels": {
            "Gobo 1 indexing/rotation": "Gobo 1 rotation",
            "Gobo 1 indexing/rotation fine": "Gobo 1 rotation fine"
          }
        },
        {
          "dmxRange": [178, 189],
          "type": "WheelShake",
          "slotNumber": 6,
          "shakeSpeedStart": "slow",
          "shakeSpeedEnd": "fast",
          "comment": "rotation",
          "switchChannels": {
            "Gobo 1 indexing/rotation": "Gobo 1 rotation",
            "Gobo 1 indexing/rotation fine": "Gobo 1 rotation fine"
          }
        },
        {
          "dmxRange": [190, 201],
          "type": "WheelShake",
          "slotNumber": 7,
          "shakeSpeedStart": "slow",
          "shakeSpeedEnd": "fast",
          "comment": "rotation",
          "switchChannels": {
            "Gobo 1 indexing/rotation": "Gobo 1 rotation",
            "Gobo 1 indexing/rotation fine": "Gobo 1 rotation fine"
          }
        },
        {
          "dmxRange": [202, 221],
          "type": "WheelRotation",
          "speedStart": "fast CW",
          "speedEnd": "slow CW",
          "switchChannels": {
            "Gobo 1 indexing/rotation": "Gobo 1 rotation",
            "Gobo 1 indexing/rotation fine": "Gobo 1 rotation fine"
          }
        },
        {
          "dmxRange": [222, 223],
          "type": "WheelRotation",
          "speed": "stop",
          "switchChannels": {
            "Gobo 1 indexing/rotation": "Gobo 1 rotation",
            "Gobo 1 indexing/rotation fine": "Gobo 1 rotation fine"
          }
        },
        {
          "dmxRange": [224, 243],
          "type": "WheelRotation",
          "speedStart": "slow CCW",
          "speedEnd": "fast CCW",
          "switchChannels": {
            "Gobo 1 indexing/rotation": "Gobo 1 rotation",
            "Gobo 1 indexing/rotation fine": "Gobo 1 rotation fine"
          }
        },
        {
          "dmxRange": [244, 249],
          "type": "Effect",
          "effectName": "Random gobo by audio control",
          "soundControlled": true,
          "switchChannels": {
            "Gobo 1 indexing/rotation": "Gobo 1 rotation",
            "Gobo 1 indexing/rotation fine": "Gobo 1 rotation fine"
          }
        },
        {
          "dmxRange": [250, 255],
          "type": "Effect",
          "effectName": "Random gobo",
          "speedStart": "fast",
          "speedEnd": "slow",
          "switchChannels": {
            "Gobo 1 indexing/rotation": "Gobo 1 rotation",
            "Gobo 1 indexing/rotation fine": "Gobo 1 rotation fine"
          }
        }
      ]
    },
    "Gobo 1 indexing": {
      "fineChannelAliases": ["Gobo 1 indexing fine"],
      "capability": {
        "type": "WheelSlotRotation",
        "wheel": "Gobo Wheel 1",
        "angleStart": "0deg",
        "angleEnd": "360deg"
      }
    },
    "Gobo 1 rotation": {
      "fineChannelAliases": ["Gobo 1 rotation fine"],
      "dmxValueResolution": "8bit",
      "capabilities": [
        {
          "dmxRange": [0, 0],
          "type": "WheelSlotRotation",
          "wheel": "Gobo Wheel 1",
          "speed": "stop"
        },
        {
          "dmxRange": [1, 127],
          "type": "WheelSlotRotation",
          "wheel": "Gobo Wheel 1",
          "speedStart": "fast CW",
          "speedEnd": "slow CW"
        },
        {
          "dmxRange": [128, 129],
          "type": "WheelSlotRotation",
          "wheel": "Gobo Wheel 1",
          "speed": "stop"
        },
        {
          "dmxRange": [130, 255],
          "type": "WheelSlotRotation",
          "wheel": "Gobo Wheel 1",
          "speedStart": "slow CCW",
          "speedEnd": "fast CCW"
        }
      ]
    },
    "Gobo Wheel 2": {
      "defaultValue": 0,
      "capabilities": [
        {
          "dmxRange": [0, 9],
          "type": "WheelSlot",
          "slotNumber": 1,
          "switchChannels": {
            "Gobo 2 indexing/rotation": "Gobo 2 indexing",
            "Gobo 2 indexing/rotation fine": "Gobo 2 indexing fine"
          }
        },
        {
          "dmxRange": [10, 13],
          "type": "WheelSlot",
          "slotNumber": 2,
          "comment": "indexed",
          "switchChannels": {
            "Gobo 2 indexing/rotation": "Gobo 2 indexing",
            "Gobo 2 indexing/rotation fine": "Gobo 2 indexing fine"
          }
        },
        {
          "dmxRange": [14, 17],
          "type": "WheelSlot",
          "slotNumber": 3,
          "comment": "indexed",
          "switchChannels": {
            "Gobo 2 indexing/rotation": "Gobo 2 indexing",
            "Gobo 2 indexing/rotation fine": "Gobo 2 indexing fine"
          }
        },
        {
          "dmxRange": [18, 21],
          "type": "WheelSlot",
          "slotNumber": 4,
          "comment": "indexed",
          "switchChannels": {
            "Gobo 2 indexing/rotation": "Gobo 2 indexing",
            "Gobo 2 indexing/rotation fine": "Gobo 2 indexing fine"
          }
        },
        {
          "dmxRange": [22, 25],
          "type": "WheelSlot",
          "slotNumber": 5,
          "comment": "indexed",
          "switchChannels": {
            "Gobo 2 indexing/rotation": "Gobo 2 indexing",
            "Gobo 2 indexing/rotation fine": "Gobo 2 indexing fine"
          }
        },
        {
          "dmxRange": [26, 29],
          "type": "WheelSlot",
          "slotNumber": 6,
          "comment": "indexed",
          "switchChannels": {
            "Gobo 2 indexing/rotation": "Gobo 2 indexing",
            "Gobo 2 indexing/rotation fine": "Gobo 2 indexing fine"
          }
        },
        {
          "dmxRange": [30, 33],
          "type": "WheelSlot",
          "slotNumber": 7,
          "comment": "indexed",
          "switchChannels": {
            "Gobo 2 indexing/rotation": "Gobo 2 indexing",
            "Gobo 2 indexing/rotation fine": "Gobo 2 indexing fine"
          }
        },
        {
          "dmxRange": [34, 37],
          "type": "WheelSlot",
          "slotNumber": 2,
          "comment": "rotation",
          "switchChannels": {
            "Gobo 2 indexing/rotation": "Gobo 2 rotation",
            "Gobo 2 indexing/rotation fine": "Gobo 2 rotation fine"
          }
        },
        {
          "dmxRange": [38, 41],
          "type": "WheelSlot",
          "slotNumber": 3,
          "comment": "rotation",
          "switchChannels": {
            "Gobo 2 indexing/rotation": "Gobo 2 rotation",
            "Gobo 2 indexing/rotation fine": "Gobo 2 rotation fine"
          }
        },
        {
          "dmxRange": [42, 45],
          "type": "WheelSlot",
          "slotNumber": 4,
          "comment": "rotation",
          "switchChannels": {
            "Gobo 2 indexing/rotation": "Gobo 2 rotation",
            "Gobo 2 indexing/rotation fine": "Gobo 2 rotation fine"
          }
        },
        {
          "dmxRange": [46, 49],
          "type": "WheelSlot",
          "slotNumber": 5,
          "comment": "rotation",
          "switchChannels": {
            "Gobo 2 indexing/rotation": "Gobo 2 rotation",
            "Gobo 2 indexing/rotation fine": "Gobo 2 rotation fine"
          }
        },
        {
          "dmxRange": [50, 53],
          "type": "WheelSlot",
          "slotNumber": 6,
          "comment": "rotation",
          "switchChannels": {
            "Gobo 2 indexing/rotation": "Gobo 2 rotation",
            "Gobo 2 indexing/rotation fine": "Gobo 2 rotation fine"
          }
        },
        {
          "dmxRange": [54, 57],
          "type": "WheelSlot",
          "slotNumber": 7,
          "comment": "rotation",
          "switchChannels": {
            "Gobo 2 indexing/rotation": "Gobo 2 rotation",
            "Gobo 2 indexing/rotation fine": "Gobo 2 rotation fine"
          }
        },
        {
          "dmxRange": [58, 69],
          "type": "WheelShake",
          "slotNumber": 2,
          "shakeSpeedStart": "slow",
          "shakeSpeedEnd": "fast",
          "comment": "indexed",
          "switchChannels": {
            "Gobo 2 indexing/rotation": "Gobo 2 indexing",
            "Gobo 2 indexing/rotation fine": "Gobo 2 indexing fine"
          }
        },
        {
          "dmxRange": [70, 81],
          "type": "WheelShake",
          "slotNumber": 3,
          "shakeSpeedStart": "slow",
          "shakeSpeedEnd": "fast",
          "comment": "indexed",
          "switchChannels": {
            "Gobo 2 indexing/rotation": "Gobo 2 indexing",
            "Gobo 2 indexing/rotation fine": "Gobo 2 indexing fine"
          }
        },
        {
          "dmxRange": [82, 93],
          "type": "WheelShake",
          "slotNumber": 4,
          "shakeSpeedStart": "slow",
          "shakeSpeedEnd": "fast",
          "comment": "indexed",
          "switchChannels": {
            "Gobo 2 indexing/rotation": "Gobo 2 indexing",
            "Gobo 2 indexing/rotation fine": "Gobo 2 indexing fine"
          }
        },
        {
          "dmxRange": [94, 105],
          "type": "WheelShake",
          "slotNumber": 5,
          "shakeSpeedStart": "slow",
          "shakeSpeedEnd": "fast",
          "comment": "indexed",
          "switchChannels": {
            "Gobo 2 indexing/rotation": "Gobo 2 indexing",
            "Gobo 2 indexing/rotation fine": "Gobo 2 indexing fine"
          }
        },
        {
          "dmxRange": [106, 117],
          "type": "WheelShake",
          "slotNumber": 6,
          "shakeSpeedStart": "slow",
          "shakeSpeedEnd": "fast",
          "comment": "indexed",
          "switchChannels": {
            "Gobo 2 indexing/rotation": "Gobo 2 indexing",
            "Gobo 2 indexing/rotation fine": "Gobo 2 indexing fine"
          }
        },
        {
          "dmxRange": [118, 129],
          "type": "WheelShake",
          "slotNumber": 7,
          "shakeSpeedStart": "slow",
          "shakeSpeedEnd": "fast",
          "comment": "indexed",
          "switchChannels": {
            "Gobo 2 indexing/rotation": "Gobo 2 indexing",
            "Gobo 2 indexing/rotation fine": "Gobo 2 indexing fine"
          }
        },
        {
          "dmxRange": [130, 141],
          "type": "WheelShake",
          "slotNumber": 2,
          "shakeSpeedStart": "slow",
          "shakeSpeedEnd": "fast",
          "comment": "rotation",
          "switchChannels": {
            "Gobo 2 indexing/rotation": "Gobo 2 rotation",
            "Gobo 2 indexing/rotation fine": "Gobo 2 rotation fine"
          }
        },
        {
          "dmxRange": [142, 153],
          "type": "WheelShake",
          "slotNumber": 3,
          "shakeSpeedStart": "slow",
          "shakeSpeedEnd": "fast",
          "comment": "rotation",
          "switchChannels": {
            "Gobo 2 indexing/rotation": "Gobo 2 rotation",
            "Gobo 2 indexing/rotation fine": "Gobo 2 rotation fine"
          }
        },
        {
          "dmxRange": [154, 165],
          "type": "WheelShake",
          "slotNumber": 4,
          "shakeSpeedStart": "slow",
          "shakeSpeedEnd": "fast",
          "comment": "rotation",
          "switchChannels": {
            "Gobo 2 indexing/rotation": "Gobo 2 rotation",
            "Gobo 2 indexing/rotation fine": "Gobo 2 rotation fine"
          }
        },
        {
          "dmxRange": [166, 177],
          "type": "WheelShake",
          "slotNumber": 5,
          "shakeSpeedStart": "slow",
          "shakeSpeedEnd": "fast",
          "comment": "rotation",
          "switchChannels": {
            "Gobo 2 indexing/rotation": "Gobo 2 rotation",
            "Gobo 2 indexing/rotation fine": "Gobo 2 rotation fine"
          }
        },
        {
          "dmxRange": [178, 189],
          "type": "WheelShake",
          "slotNumber": 6,
          "shakeSpeedStart": "slow",
          "shakeSpeedEnd": "fast",
          "comment": "rotation",
          "switchChannels": {
            "Gobo 2 indexing/rotation": "Gobo 2 rotation",
            "Gobo 2 indexing/rotation fine": "Gobo 2 rotation fine"
          }
        },
        {
          "dmxRange": [190, 201],
          "type": "WheelShake",
          "slotNumber": 7,
          "shakeSpeedStart": "slow",
          "shakeSpeedEnd": "fast",
          "comment": "rotation",
          "switchChannels": {
            "Gobo 2 indexing/rotation": "Gobo 2 rotation",
            "Gobo 2 indexing/rotation fine": "Gobo 2 rotation fine"
          }
        },
        {
          "dmxRange": [202, 221],
          "type": "WheelRotation",
          "speedStart": "fast CW",
          "speedEnd": "slow CW",
          "switchChannels": {
            "Gobo 2 indexing/rotation": "Gobo 2 rotation",
            "Gobo 2 indexing/rotation fine": "Gobo 2 rotation fine"
          }
        },
        {
          "dmxRange": [222, 223],
          "type": "WheelRotation",
          "speed": "stop",
          "switchChannels": {
            "Gobo 2 indexing/rotation": "Gobo 2 rotation",
            "Gobo 2 indexing/rotation fine": "Gobo 2 rotation fine"
          }
        },
        {
          "dmxRange": [224, 243],
          "type": "WheelRotation",
          "speedStart": "slow CCW",
          "speedEnd": "fast CCW",
          "switchChannels": {
            "Gobo 2 indexing/rotation": "Gobo 2 rotation",
            "Gobo 2 indexing/rotation fine": "Gobo 2 rotation fine"
          }
        },
        {
          "dmxRange": [244, 249],
          "type": "Effect",
          "effectName": "random gobo selection by audio control",
          "soundControlled": true,
          "switchChannels": {
            "Gobo 2 indexing/rotation": "Gobo 2 rotation",
            "Gobo 2 indexing/rotation fine": "Gobo 2 rotation fine"
          }
        },
        {
          "dmxRange": [250, 255],
          "type": "Effect",
          "effectName": "auto random gobo selection",
          "speedStart": "fast",
          "speedEnd": "slow",
          "switchChannels": {
            "Gobo 2 indexing/rotation": "Gobo 2 rotation",
            "Gobo 2 indexing/rotation fine": "Gobo 2 rotation fine"
          }
        }
      ]
    },
    "Gobo 2 indexing": {
      "fineChannelAliases": ["Gobo 2 indexing fine"],
      "capability": {
        "type": "WheelSlotRotation",
        "wheel": "Gobo Wheel 2",
        "angleStart": "0deg",
        "angleEnd": "360deg"
      }
    },
    "Gobo 2 rotation": {
      "fineChannelAliases": ["Gobo 2 rotation fine"],
      "dmxValueResolution": "8bit",
      "capabilities": [
        {
          "dmxRange": [0, 0],
          "type": "WheelSlotRotation",
          "wheel": "Gobo Wheel 2",
          "speed": "stop"
        },
        {
          "dmxRange": [1, 127],
          "type": "WheelSlotRotation",
          "wheel": "Gobo Wheel 2",
          "speedStart": "fast CW",
          "speedEnd": "slow CW"
        },
        {
          "dmxRange": [128, 129],
          "type": "WheelSlotRotation",
          "wheel": "Gobo Wheel 2",
          "speed": "stop"
        },
        {
          "dmxRange": [130, 255],
          "type": "WheelSlotRotation",
          "wheel": "Gobo Wheel 2",
          "speedStart": "slow CCW",
          "speedEnd": "fast CCW"
        }
      ]
    },
    "Effect wheel": {
      "defaultValue": 0,
      "capabilities": [
        {
          "dmxRange": [0, 19],
          "type": "NoFunction",
          "comment": "open",
          "switchChannels": {
            "Effect indexing/rotation": "Effect indexing",
            "Effect indexing/rotation fine": "Effect indexing fine"
          }
        },
        {
          "dmxRange": [20, 39],
          "type": "Effect",
          "effectName": "index 3-facet prism",
          "switchChannels": {
            "Effect indexing/rotation": "Effect indexing",
            "Effect indexing/rotation fine": "Effect indexing fine"
          }
        },
        {
          "dmxRange": [40, 59],
          "type": "Effect",
          "effectName": "index 5-facet prism",
          "switchChannels": {
            "Effect indexing/rotation": "Effect indexing",
            "Effect indexing/rotation fine": "Effect indexing fine"
          }
        },
        {
          "dmxRange": [60, 79],
          "type": "Effect",
          "effectName": "index estriado",
          "switchChannels": {
            "Effect indexing/rotation": "Effect indexing",
            "Effect indexing/rotation fine": "Effect indexing fine"
          }
        },
        {
          "dmxRange": [80, 99],
          "type": "Effect",
          "effectName": "index diamante",
          "switchChannels": {
            "Effect indexing/rotation": "Effect indexing",
            "Effect indexing/rotation fine": "Effect indexing fine"
          }
        },
        {
          "dmxRange": [100, 119],
          "type": "Effect",
          "effectName": "rotation 3-facet prism",
          "switchChannels": {
            "Effect indexing/rotation": "Effect rotation",
            "Effect indexing/rotation fine": "Effect rotation fine"
          }
        },
        {
          "dmxRange": [120, 139],
          "type": "Effect",
          "effectName": "rotation 5-facet prism",
          "switchChannels": {
            "Effect indexing/rotation": "Effect rotation",
            "Effect indexing/rotation fine": "Effect rotation fine"
          }
        },
        {
          "dmxRange": [140, 159],
          "type": "Effect",
          "effectName": "rotation estriado",
          "switchChannels": {
            "Effect indexing/rotation": "Effect rotation",
            "Effect indexing/rotation fine": "Effect rotation fine"
          }
        },
        {
          "dmxRange": [160, 179],
          "type": "Effect",
          "effectName": "rotation diamante",
          "switchChannels": {
            "Effect indexing/rotation": "Effect rotation",
            "Effect indexing/rotation fine": "Effect rotation fine"
          }
        },
        {
          "dmxRange": [180, 183],
          "type": "Effect",
          "effectName": "macro 1",
          "switchChannels": {
            "Effect indexing/rotation": "Effect rotation",
            "Effect indexing/rotation fine": "Effect rotation fine"
          }
        },
        {
          "dmxRange": [184, 187],
          "type": "Effect",
          "effectName": "macro 2",
          "switchChannels": {
            "Effect indexing/rotation": "Effect rotation",
            "Effect indexing/rotation fine": "Effect rotation fine"
          }
        },
        {
          "dmxRange": [188, 191],
          "type": "Effect",
          "effectName": "macro 3",
          "switchChannels": {
            "Effect indexing/rotation": "Effect rotation",
            "Effect indexing/rotation fine": "Effect rotation fine"
          }
        },
        {
          "dmxRange": [192, 195],
          "type": "Effect",
          "effectName": "macro 4",
          "switchChannels": {
            "Effect indexing/rotation": "Effect rotation",
            "Effect indexing/rotation fine": "Effect rotation fine"
          }
        },
        {
          "dmxRange": [196, 199],
          "type": "Effect",
          "effectName": "macro 5",
          "switchChannels": {
            "Effect indexing/rotation": "Effect rotation",
            "Effect indexing/rotation fine": "Effect rotation fine"
          }
        },
        {
          "dmxRange": [200, 203],
          "type": "Effect",
          "effectName": "macro 6",
          "switchChannels": {
            "Effect indexing/rotation": "Effect rotation",
            "Effect indexing/rotation fine": "Effect rotation fine"
          }
        },
        {
          "dmxRange": [204, 207],
          "type": "Effect",
          "effectName": "macro 7",
          "switchChannels": {
            "Effect indexing/rotation": "Effect rotation",
            "Effect indexing/rotation fine": "Effect rotation fine"
          }
        },
        {
          "dmxRange": [208, 211],
          "type": "Effect",
          "effectName": "macro 8",
          "switchChannels": {
            "Effect indexing/rotation": "Effect rotation",
            "Effect indexing/rotation fine": "Effect rotation fine"
          }
        },
        {
          "dmxRange": [212, 215],
          "type": "Effect",
          "effectName": "macro 9",
          "switchChannels": {
            "Effect indexing/rotation": "Effect rotation",
            "Effect indexing/rotation fine": "Effect rotation fine"
          }
        },
        {
          "dmxRange": [216, 219],
          "type": "Effect",
          "effectName": "macro 10",
          "switchChannels": {
            "Effect indexing/rotation": "Effect rotation",
            "Effect indexing/rotation fine": "Effect rotation fine"
          }
        },
        {
          "dmxRange": [220, 223],
          "type": "Effect",
          "effectName": "macro 11",
          "switchChannels": {
            "Effect indexing/rotation": "Effect rotation",
            "Effect indexing/rotation fine": "Effect rotation fine"
          }
        },
        {
          "dmxRange": [224, 227],
          "type": "Effect",
          "effectName": "macro 12",
          "switchChannels": {
            "Effect indexing/rotation": "Effect rotation",
            "Effect indexing/rotation fine": "Effect rotation fine"
          }
        },
        {
          "dmxRange": [228, 231],
          "type": "Effect",
          "effectName": "macro 13",
          "switchChannels": {
            "Effect indexing/rotation": "Effect rotation",
            "Effect indexing/rotation fine": "Effect rotation fine"
          }
        },
        {
          "dmxRange": [232, 235],
          "type": "Effect",
          "effectName": "macro 14",
          "switchChannels": {
            "Effect indexing/rotation": "Effect rotation",
            "Effect indexing/rotation fine": "Effect rotation fine"
          }
        },
        {
          "dmxRange": [236, 239],
          "type": "Effect",
          "effectName": "macro 15",
          "switchChannels": {
            "Effect indexing/rotation": "Effect rotation",
            "Effect indexing/rotation fine": "Effect rotation fine"
          }
        },
        {
          "dmxRange": [240, 243],
          "type": "Effect",
          "effectName": "macro 16",
          "switchChannels": {
            "Effect indexing/rotation": "Effect rotation",
            "Effect indexing/rotation fine": "Effect rotation fine"
          }
        },
        {
          "dmxRange": [244, 249],
          "type": "Effect",
          "effectName": "random effect by audio control",
          "soundControlled": true,
          "switchChannels": {
            "Effect indexing/rotation": "Effect rotation",
            "Effect indexing/rotation fine": "Effect rotation fine"
          }
        },
        {
          "dmxRange": [250, 255],
          "type": "Effect",
          "effectName": "auto random",
          "speedStart": "fast",
          "speedEnd": "slow",
          "switchChannels": {
            "Effect indexing/rotation": "Effect rotation",
            "Effect indexing/rotation fine": "Effect rotation fine"
          }
        }
      ]
    },
    "Effect indexing": {
      "fineChannelAliases": ["Effect indexing fine"],
      "capability": {
        "type": "Rotation",
        "angleStart": "0deg",
        "angleEnd": "360deg"
      }
    },
    "Effect rotation": {
      "fineChannelAliases": ["Effect rotation fine"],
      "dmxValueResolution": "8bit",
      "capabilities": [
        {
          "dmxRange": [0, 0],
          "type": "Rotation",
          "speed": "stop"
        },
        {
          "dmxRange": [1, 127],
          "type": "Rotation",
          "speedStart": "fast CW",
          "speedEnd": "slow CW"
        },
        {
          "dmxRange": [128, 129],
          "type": "Rotation",
          "speed": "stop"
        },
        {
          "dmxRange": [130, 255],
          "type": "Rotation",
          "speedStart": "slow CCW",
          "speedEnd": "fast CCW"
        }
      ]
    },
    "Frost": {
      "capabilities": [
        {
          "dmxRange": [0, 0],
          "type": "Frost",
          "frostIntensity": "off"
        },
        {
          "dmxRange": [1, 179],
          "type": "Frost",
          "frostIntensityStart": "off",
          "frostIntensityEnd": "high"
        },
        {
          "dmxRange": [180, 189],
          "type": "Frost",
          "frostIntensity": "high"
        },
        {
          "dmxRange": [190, 211],
          "type": "FrostEffect",
          "effectName": "Ramp down",
          "speedStart": "slow",
          "speedEnd": "fast"
        },
        {
          "dmxRange": [212, 233],
          "type": "FrostEffect",
          "effectName": "Ramp up",
          "speedStart": "fast",
          "speedEnd": "slow"
        },
        {
          "dmxRange": [234, 255],
          "type": "FrostEffect",
          "effectName": "Ramping",
          "speedStart": "fast",
          "speedEnd": "slow",
          "helpWanted": "Is this ramp up and down?"
        }
      ]
    },
    "Iris": {
      "capabilities": [
        {
          "dmxRange": [0, 0],
          "type": "Iris",
          "openPercent": "open"
        },
        {
          "dmxRange": [1, 179],
          "type": "Iris",
          "openPercentStart": "open",
          "openPercentEnd": "closed"
        },
        {
          "dmxRange": [180, 191],
          "type": "Iris",
          "openPercent": "closed"
        },
        {
          "dmxRange": [192, 203],
          "type": "IrisEffect",
          "effectName": "Ramp up",
          "speedStart": "slow",
          "speedEnd": "fast"
        },
        {
          "dmxRange": [204, 215],
          "type": "IrisEffect",
          "effectName": "Ramp down",
          "speedStart": "fast",
          "speedEnd": "slow"
        },
        {
          "dmxRange": [216, 217],
          "type": "IrisEffect",
          "effectName": "Random ramp up",
          "speed": "fast"
        },
        {
          "dmxRange": [218, 219],
          "type": "IrisEffect",
          "effectName": "Random ramp up",
          "speed": "slow"
        },
        {
          "dmxRange": [220, 221],
          "type": "IrisEffect",
          "effectName": "Random ramp down",
          "speed": "fast"
        },
        {
          "dmxRange": [222, 223],
          "type": "IrisEffect",
          "effectName": "Random ramp down",
          "speed": "slow"
        },
        {
          "dmxRange": [224, 239],
          "type": "IrisEffect",
          "effectName": "Ramp up",
          "speedStart": "slow",
          "speedEnd": "fast"
        },
        {
          "dmxRange": [240, 255],
          "type": "IrisEffect",
          "effectName": "Ramp down",
          "speedStart": "fast",
          "speedEnd": "slow"
        }
      ]
    },
    "Zoom": {
      "capability": {
        "type": "Zoom",
        "angleStart": "wide",
        "angleEnd": "narrow"
      }
    },
    "Focus": {
      "capability": {
        "type": "Focus",
        "distanceStart": "far",
        "distanceEnd": "near"
      }
    },
    "Shutter, Strobe": {
      "capabilities": [
        {
          "dmxRange": [0, 31],
          "type": "ShutterStrobe",
          "shutterEffect": "Closed",
          "comment": "Lamp power reduced to 800W"
        },
        {
          "dmxRange": [32, 63],
          "type": "ShutterStrobe",
          "shutterEffect": "Open"
        },
        {
          "dmxRange": [64, 95],
          "type": "ShutterStrobe",
          "shutterEffect": "Strobe",
          "speedStart": "0Hz",
          "speedEnd": "15Hz"
        },
        {
          "dmxRange": [96, 127],
          "type": "ShutterStrobe",
          "shutterEffect": "Open",
          "comment": "Lamp power reduced to 800W"
        },
        {
          "dmxRange": [128, 143],
          "type": "ShutterStrobe",
          "shutterEffect": "RampUp",
          "speedStart": "slow",
          "speedEnd": "fast"
        },
        {
          "dmxRange": [144, 159],
          "type": "ShutterStrobe",
          "shutterEffect": "RampDown",
          "speedStart": "fast",
          "speedEnd": "slow"
        },
        {
          "dmxRange": [160, 191],
          "type": "ShutterStrobe",
          "shutterEffect": "Strobe",
          "speedStart": "slow",
          "speedEnd": "fast",
          "comment": "Electronic strobing (Zap)"
        },
        {
          "dmxRange": [192, 223],
          "type": "ShutterStrobe",
          "shutterEffect": "Strobe",
          "speedStart": "slow",
          "speedEnd": "fast",
          "randomTiming": true
        },
        {
          "dmxRange": [224, 255],
          "type": "ShutterStrobe",
          "shutterEffect": "Open"
        }
      ]
    },
    "Dimmer": {
      "fineChannelAliases": ["Dimmer fine"],
      "capability": {
        "type": "Intensity"
      }
    }
  },
  "modes": [
    {
      "name": "24-channel 1",
      "shortName": "24ch1",
      "channels": [
        "Pan",
        "Pan fine",
        "Tilt",
        "Tilt fine",
        "Pan/Tilt Speed",
        "Power/Special functions",
        "Color Wheel",
        "Cyan",
        "Magenta",
        "Yellow",
        "Color Temperature",
        "Effect Speed",
        "Gobo Wheel 1",
        "Gobo 1 indexing/rotation",
        "Gobo Wheel 2",
        "Gobo 2 indexing/rotation",
        "Effect wheel",
        "Effect indexing/rotation",
        "Frost",
        "Iris",
        "Zoom",
        "Focus",
        "Shutter, Strobe",
        "Dimmer"
      ]
    },
    {
      "name": "32-channel",
      "shortName": "32ch",
      "channels": [
        "Pan",
        "Pan fine",
        "Tilt",
        "Tilt fine",
        "Pan/Tilt Speed",
        "Power/Special functions",
        "Pan/Tilt Macro",
        "Pan/Tilt Macro Speed",
        "Color Wheel",
        "Cyan",
        "Magenta",
        "Yellow",
        "Color Temperature",
        "Color Macros",
        "Effect Speed",
        "Effect Speed assigning",
        "Gobo Wheel 1",
        "Gobo 1 indexing/rotation",
        "Gobo 1 indexing/rotation fine",
        "Gobo Wheel 2",
        "Gobo 2 indexing/rotation",
        "Gobo 2 indexing/rotation fine",
        "Effect wheel",
        "Effect indexing/rotation",
        "Effect indexing/rotation fine",
        "Frost",
        "Iris",
        "Zoom",
        "Focus",
        "Shutter, Strobe",
        "Dimmer",
        "Dimmer fine"
      ]
    },
    {
      "name": "24-channel 2",
      "shortName": "24ch2",
      "channels": [
        "Shutter, Strobe",
        "Dimmer",
        "Cyan",
        "Magenta",
        "Yellow",
        "Color Temperature",
        "Color Wheel",
        "Gobo Wheel 1",
        "Gobo 1 indexing/rotation",
        "Gobo 1 indexing/rotation fine",
        "Gobo Wheel 2",
        "Gobo 2 indexing/rotation",
        "Gobo 2 indexing/rotation fine",
        "Effect wheel",
        "Effect indexing/rotation",
        "Iris",
        "Focus",
        "Zoom",
        "Pan",
        "Pan fine",
        "Tilt",
        "Tilt fine",
        "Pan/Tilt Speed",
        "Power/Special functions"
      ]
    }
  ],
  "fixtureKey": "colorspot-2500e-at",
  "manufacturerKey": "robe",
  "oflURL": "https://open-fixture-library.org/robe/colorspot-2500e-at"
}
