{
  "$schema": "https://raw.githubusercontent.com/OpenLightingProject/open-fixture-library/schema-12.5.0/schemas/fixture.json",
  "name": "Source Four LED Series 2 Daylight HD",
  "shortName": "EtcSF2DaylightHD",
  "categories": ["Dimmer", "Color Changer", "Strobe"],
  "meta": {
    "authors": ["Dyami Caliri"],
    "createDate": "2019-07-11",
    "lastModifyDate": "2020-10-02"
  },
  "links": {
    "manual": [
      "https://www.etcconnect.com/WorkArea/DownloadAsset.aspx?id=10737483869",
      "https://www.etcconnect.com/WorkArea/DownloadAsset.aspx?id=10737501163"
    ],
    "productPage": [
      "https://www.etcconnect.com/Products/Lighting-Fixtures/Source-Four-LED-Series-2/Features.aspx"
    ],
    "video": [
      "https://www.youtube.com/watch?v=FXQDFq9jxI0",
      "https://www.youtube.com/watch?v=oEjG8XLzuvs"
    ]
  },
  "physical": {
    "dimensions": [338, 615, 631],
    "weight": 8.3,
    "power": 248,
    "DMXconnector": "5-pin",
    "bulb": {
      "type": "60× 4-color Lumileds LUXEON® Rebel LED",
      "lumens": 13060
    },
    "lens": {
      "degreesMinMax": [5, 90]
    }
  },
  "availableChannels": {
    "Red": {
      "capability": {
        "type": "ColorIntensity",
        "color": "Red"
      }
    },
    "Mint": {
      "capability": {
        "type": "ColorIntensity",
        "color": "Lime"
      }
    },
    "Blue": {
      "capability": {
        "type": "ColorIntensity",
        "color": "Blue"
      }
    },
    "Indigo": {
      "capability": {
        "type": "ColorIntensity",
        "color": "Indigo"
      }
    },
    "Intensity": {
      "capability": {
        "type": "Intensity"
      }
    },
    "Strobe": {
      "capabilities": [
        {
          "dmxRange": [0, 0],
          "type": "ShutterStrobe",
          "shutterEffect": "Open"
        },
        {
          "dmxRange": [1, 255],
          "type": "ShutterStrobe",
          "shutterEffect": "Strobe",
          "speedStart": "slow",
          "speedEnd": "fast"
        }
      ]
    },
    "Fan Control": {
      "capabilities": [
        {
          "dmxRange": [0, 0],
          "type": "Maintenance",
          "comment": "Fan auto"
        },
        {
          "dmxRange": [1, 255],
          "type": "Rotation",
          "speedStart": "slow CW",
          "speedEnd": "fast CW"
        }
      ]
    },
    "Hue": {
      "fineChannelAliases": ["Hue fine"],
      "capability": {
        "type": "Generic"
      }
    },
    "Saturation": {
      "capability": {
        "type": "Generic"
      }
    },
    "Color Point": {
      "capabilities": [
        {
          "dmxRange": [0, 1],
          "type": "ColorTemperature",
          "colorTemperature": "3200K"
        },
        {
          "dmxRange": [2, 253],
          "type": "ColorTemperature",
          "colorTemperatureStart": "2725K",
          "colorTemperatureEnd": "6450K"
        },
        {
          "dmxRange": [254, 255],
          "type": "ColorTemperature",
          "colorTemperature": "5600K"
        }
      ]
    },
    "Red Emulated": {
      "capability": {
        "type": "ColorIntensity",
        "color": "Red"
      }
    },
    "Green Emulated": {
      "capability": {
        "type": "ColorIntensity",
        "color": "Green"
      }
    },
    "Blue Emulated": {
      "capability": {
        "type": "ColorIntensity",
        "color": "Blue"
      }
    },
    "Tint": {
      "capabilities": [
        {
          "dmxRange": [0, 1],
          "type": "Generic",
          "comment": "Neutral white"
        },
        {
          "dmxRange": [2, 127],
          "type": "Generic",
          "comment": "Full plus-green to neutral white"
        },
        {
          "dmxRange": [128, 128],
          "type": "Generic",
          "comment": "Neutral white"
        },
        {
          "dmxRange": [129, 255],
          "type": "Generic",
          "comment": "Neutral white to full magenta"
        }
      ]
    },
    "Plus 7 Control": {
      "capabilities": [
        {
          "dmxRange": [0, 127],
          "type": "Maintenance",
          "comment": "Individual color adjust disabled"
        },
        {
          "dmxRange": [128, 255],
          "type": "Maintenance",
          "comment": "Individual color adjust enabled"
        }
      ]
    }
  },
  "modes": [
    {
      "name": "Studio",
      "channels": [
        "Intensity",
        "Color Point",
        "Tint",
        null,
        "Strobe",
        "Fan Control"
      ]
    },
    {
      "name": "Direct",
      "channels": [
        "Red",
        "Mint",
        "Blue",
        "Indigo",
        "Intensity",
        "Strobe",
        "Fan Control"
      ]
    },
    {
      "name": "HSI",
      "channels": [
        "Hue",
        "Hue fine",
        "Saturation",
        "Intensity",
        "Strobe",
        "Fan Control"
      ]
    },
    {
      "name": "HSIC",
      "channels": [
        "Hue",
        "Hue fine",
        "Saturation",
        "Intensity",
        "Strobe",
        "Fan Control",
        "Color Point"
      ]
    },
    {
      "name": "RGB",
      "channels": [
        "Red Emulated",
        "Green Emulated",
        "Blue Emulated",
        null,
        "Strobe",
        "Fan Control"
      ]
    },
    {
      "name": "HSI Plus 7",
      "shortName": "HSI+7",
      "channels": [
        "Hue",
        "Hue fine",
        "Saturation",
        "Intensity",
        "Strobe",
        "Fan Control",
        null,
        "Plus 7 Control",
        "Red",
        null,
        "Mint",
        "Blue",
        "Indigo",
        null,
        null
      ]
    },
    {
      "name": "HSIC Plus 7",
      "shortName": "HSIC+7",
      "channels": [
        "Hue",
        "Hue fine",
        "Saturation",
        "Intensity",
        "Strobe",
        "Fan Control",
        "Color Point",
        null,
        "Plus 7 Control",
        "Red",
        null,
        "Mint",
        "Blue",
        "Indigo",
        null,
        null
      ]
    },
    {
      "name": "RGB Plus 7",
      "shortName": "RGB+7",
      "channels": [
        "Red Emulated",
        "Green Emulated",
        "Blue Emulated",
        null,
        "Strobe",
        "Fan Control",
        null,
        "Plus 7 Control",
        "Red",
        null,
        "Mint",
        "Blue",
        "Indigo",
        null,
        null
      ]
    }
  ],
  "fixtureKey": "source-four-led-series-2-daylight-hd",
  "manufacturerKey": "etc",
  "oflURL": "https://open-fixture-library.org/etc/source-four-led-series-2-daylight-hd"
}
