{
  "$schema": "https://raw.githubusercontent.com/OpenLightingProject/open-fixture-library/schema-12.5.0/schemas/fixture.json",
  "name": "LED RGBW 54x3 Par64",
  "categories": ["Color Changer"],
  "meta": {
    "authors": ["Moss"],
    "createDate": "2019-12-23",
    "lastModifyDate": "2019-12-26",
    "importPlugin": {
      "plugin": "qlcplus_4.12.1",
      "date": "2019-12-23",
      "comment": "created by Q Light Controller Plus (version 4.12.2)"
    }
  },
  "links": {
    "manual": [
      "https://medias.audiofanzine.com/files/eyourlife-54-led-par-rgbw-479942.pdf"
    ]
  },
  "helpWanted": "Can you provide a link to a product page?",
  "physical": {
    "dimensions": [230, 220, 255],
    "weight": 4.5,
    "power": 170,
    "DMXconnector": "3-pin",
    "bulb": {
      "type": "LED",
      "lumens": 500
    },
    "lens": {
      "degreesMinMax": [25, 25]
    }
  },
  "availableChannels": {
    "Master Dimmer": {
      "defaultValue": 0,
      "capability": {
        "type": "Intensity"
      }
    },
    "Red": {
      "defaultValue": 0,
      "capability": {
        "type": "ColorIntensity",
        "color": "Red"
      }
    },
    "Green": {
      "defaultValue": 0,
      "capability": {
        "type": "ColorIntensity",
        "color": "Green"
      }
    },
    "Blue": {
      "defaultValue": 0,
      "capability": {
        "type": "ColorIntensity",
        "color": "Blue"
      }
    },
    "White": {
      "defaultValue": 0,
      "capability": {
        "type": "ColorIntensity",
        "color": "White"
      }
    },
    "Strobe": {
      "defaultValue": 0,
      "capability": {
        "type": "ShutterStrobe",
        "shutterEffect": "Strobe",
        "speedStart": "fast",
        "speedEnd": "slow",
        "helpWanted": "At which DMX values is strobe disabled? When is the lamp constantly on/off?"
      }
    },
    "Color Macros/Effects": {
      "defaultValue": 0,
      "capabilities": [
        {
          "dmxRange": [0, 4],
          "type": "NoFunction"
        },
        {
          "dmxRange": [5, 10],
          "type": "ColorPreset",
          "comment": "Red",
          "colors": ["#ff0000"]
        },
        {
          "dmxRange": [11, 15],
          "type": "ColorPreset",
          "comment": "Green",
          "colors": ["#00ff00"]
        },
        {
          "dmxRange": [16, 20],
          "type": "ColorPreset",
          "comment": "Blue",
          "colors": ["#0000ff"]
        },
        {
          "dmxRange": [21, 25],
          "type": "ColorPreset",
          "comment": "White",
          "colors": ["#ffffff"]
        },
        {
          "dmxRange": [26, 30],
          "type": "ColorPreset",
          "comment": "Yellow",
          "colors": ["#ffff00"]
        },
        {
          "dmxRange": [31, 35],
          "type": "ColorPreset",
          "comment": "Cyan",
          "colors": ["#00ffff"]
        },
        {
          "dmxRange": [36, 40],
          "type": "ColorPreset",
          "comment": "Magenta",
          "colors": ["#ff00ff"]
        },
        {
          "dmxRange": [41, 45],
          "type": "ColorPreset",
          "comment": "Pink",
          "colors": ["#ff69b4"]
        },
        {
          "dmxRange": [46, 50],
          "type": "ColorPreset",
          "comment": "Bright green",
          "colors": ["#90ee90"]
        },
        {
          "dmxRange": [51, 55],
          "type": "ColorPreset",
          "comment": "Lavender",
          "colors": ["#e6e6fa"]
        },
        {
          "dmxRange": [56, 60],
          "type": "ColorPreset",
          "comment": "Pale Pink",
          "colors": ["#ffc0cb"]
        },
        {
          "dmxRange": [61, 65],
          "type": "ColorPreset",
          "comment": "Bright yellow",
          "colors": ["#ffffe0"]
        },
        {
          "dmxRange": [66, 70],
          "type": "ColorPreset",
          "comment": "Bright magenta",
          "colors": ["#ff55ff"]
        },
        {
          "dmxRange": [71, 75],
          "type": "ColorPreset",
          "comment": "Pale cyan",
          "colors": ["#e0ffff"]
        },
        {
          "dmxRange": [76, 80],
          "type": "ColorPreset",
          "comment": "Warm white",
          "colors": ["#faebd7"]
        },
        {
          "dmxRange": [81, 150],
          "type": "Effect",
          "effectPreset": "ColorJump",
          "speedStart": "slow",
          "speedEnd": "fast"
        },
        {
          "dmxRange": [151, 220],
          "type": "Effect",
          "effectPreset": "ColorFade",
          "speedStart": "slow",
          "speedEnd": "fast"
        },
        {
          "dmxRange": [221, 255],
          "type": "Effect",
          "effectName": "Sound control",
          "soundControlled": true,
          "soundSensitivityStart": "low",
          "soundSensitivityEnd": "high"
        }
      ]
    },
    "Speed": {
      "defaultValue": 0,
      "capability": {
        "type": "Speed",
        "speedStart": "slow",
        "speedEnd": "fast",
        "helpWanted": "Which speed is this?"
      }
    }
  },
  "modes": [
    {
      "name": "8-channel",
      "shortName": "8ch",
      "channels": [
        "Master Dimmer",
        "Red",
        "Green",
        "Blue",
        "White",
        "Strobe",
        "Color Macros/Effects",
        "Speed"
      ]
    },
    {
      "name": "EYL2 variant 8-channel",
      "shortName": "eyl2",
      "channels": [
        "Strobe",
        "Color Macros/Effects",
        "Speed",
        "Master Dimmer",
        "Red",
        "Green",
        "Blue",
        "White"
      ]
    }
  ],
  "fixtureKey": "led-rgbw-54x3-par64",
  "manufacturerKey": "eyourlife",
  "oflURL": "https://open-fixture-library.org/eyourlife/led-rgbw-54x3-par64"
}
