{
  "$schema": "https://raw.githubusercontent.com/OpenLightingProject/open-fixture-library/schema-12.5.0/schemas/fixture.json",
  "name": "IrLEDFLAT 5x12SIXb",
  "categories": ["Color Changer"],
  "meta": {
    "authors": ["Pascal Denis", "Felix Edelmann", "JonahKr"],
    "createDate": "2018-11-11",
    "lastModifyDate": "2021-09-13"
  },
  "links": {
    "manual": [
      "https://www.contest-lighting.com/downloads/IrLEDFLAT-5x12SIX_manuel-en.pdf"
    ],
    "productPage": [
      "https://www.contest-lighting.com/en/index.php?code=H10142&cat1=l10000&cat2=l24000&cat3=l12008"
    ]
  },
  "physical": {
    "dimensions": [240, 265, 110],
    "weight": 2.8,
    "power": 80,
    "DMXconnector": "3-pin",
    "bulb": {
      "type": "5x 12W RGBAWUV LEDs"
    },
    "lens": {
      "degreesMinMax": [40, 40]
    }
  },
  "availableChannels": {
    "Red": {
      "capability": {
        "type": "ColorIntensity",
        "color": "Red"
      }
    },
    "Green": {
      "capability": {
        "type": "ColorIntensity",
        "color": "Green"
      }
    },
    "Blue": {
      "capability": {
        "type": "ColorIntensity",
        "color": "Blue"
      }
    },
    "White": {
      "capability": {
        "type": "ColorIntensity",
        "color": "White"
      }
    },
    "Amber": {
      "capability": {
        "type": "ColorIntensity",
        "color": "Amber"
      }
    },
    "UV": {
      "capability": {
        "type": "ColorIntensity",
        "color": "UV"
      }
    },
    "Dimmer": {
      "capability": {
        "type": "Intensity"
      }
    },
    "Strobe": {
      "capability": {
        "type": "ShutterStrobe",
        "shutterEffect": "Strobe",
        "speedStart": "0Hz",
        "speedEnd": "50Hz",
        "helpWanted": "At which DMX values is strobe disabled? When is the lamp constantly on/off?"
      }
    },
    "Dimmer / Strobe": {
      "capabilities": [
        {
          "dmxRange": [0, 189],
          "type": "Intensity"
        },
        {
          "dmxRange": [190, 250],
          "type": "ShutterStrobe",
          "shutterEffect": "Strobe",
          "speedStart": "0Hz",
          "speedEnd": "50Hz"
        },
        {
          "dmxRange": [251, 255],
          "type": "Intensity",
          "brightness": "bright"
        }
      ]
    },
    "Macros": {
      "defaultValue": 0,
      "capabilities": [
        {
          "dmxRange": [0, 5],
          "type": "NoFunction",
          "switchChannels": {
            "Dimmer / Macro Speed / Mic Sensitivity": "Dimmer"
          }
        },
        {
          "dmxRange": [6, 10],
          "type": "ColorPreset",
          "comment": "Red",
          "colors": ["#ff0000"],
          "switchChannels": {
            "Dimmer / Macro Speed / Mic Sensitivity": "Dimmer"
          }
        },
        {
          "dmxRange": [11, 15],
          "type": "ColorPreset",
          "comment": "Orange",
          "colors": ["#ffaa00"],
          "switchChannels": {
            "Dimmer / Macro Speed / Mic Sensitivity": "Dimmer"
          }
        },
        {
          "dmxRange": [16, 20],
          "type": "ColorPreset",
          "comment": "Yellow",
          "colors": ["#ffff00"],
          "switchChannels": {
            "Dimmer / Macro Speed / Mic Sensitivity": "Dimmer"
          }
        },
        {
          "dmxRange": [21, 25],
          "type": "ColorPreset",
          "comment": "Green",
          "colors": ["#00ff00"],
          "switchChannels": {
            "Dimmer / Macro Speed / Mic Sensitivity": "Dimmer"
          }
        },
        {
          "dmxRange": [26, 30],
          "type": "ColorPreset",
          "comment": "Cyan",
          "colors": ["#00ffff"],
          "switchChannels": {
            "Dimmer / Macro Speed / Mic Sensitivity": "Dimmer"
          }
        },
        {
          "dmxRange": [31, 35],
          "type": "ColorPreset",
          "comment": "Blue",
          "colors": ["#0000ff"],
          "switchChannels": {
            "Dimmer / Macro Speed / Mic Sensitivity": "Dimmer"
          }
        },
        {
          "dmxRange": [36, 40],
          "type": "ColorPreset",
          "comment": "Pink",
          "colors": ["#faadf0"],
          "switchChannels": {
            "Dimmer / Macro Speed / Mic Sensitivity": "Dimmer"
          }
        },
        {
          "dmxRange": [41, 45],
          "type": "ColorPreset",
          "comment": "Magenta",
          "colors": ["#ff00ff"],
          "switchChannels": {
            "Dimmer / Macro Speed / Mic Sensitivity": "Dimmer"
          }
        },
        {
          "dmxRange": [46, 50],
          "type": "ColorPreset",
          "comment": "White",
          "colors": ["#ffffff"],
          "colorTemperature": "cold",
          "switchChannels": {
            "Dimmer / Macro Speed / Mic Sensitivity": "Dimmer"
          }
        },
        {
          "dmxRange": [51, 55],
          "type": "ColorPreset",
          "comment": "White",
          "colors": ["#ffffff"],
          "colorTemperature": "warm",
          "switchChannels": {
            "Dimmer / Macro Speed / Mic Sensitivity": "Dimmer"
          }
        },
        {
          "dmxRange": [56, 60],
          "type": "ColorPreset",
          "comment": "Full White",
          "colors": ["#ffffff"],
          "switchChannels": {
            "Dimmer / Macro Speed / Mic Sensitivity": "Dimmer"
          }
        },
        {
          "dmxRange": [61, 65],
          "type": "ColorPreset",
          "comment": "Light Pink",
          "colors": ["#ffc8d2"],
          "switchChannels": {
            "Dimmer / Macro Speed / Mic Sensitivity": "Dimmer"
          }
        },
        {
          "dmxRange": [66, 70],
          "type": "ColorPreset",
          "comment": "Light Apricot",
          "colors": ["#fdd5b1"],
          "switchChannels": {
            "Dimmer / Macro Speed / Mic Sensitivity": "Dimmer"
          }
        },
        {
          "dmxRange": [71, 75],
          "type": "ColorPreset",
          "comment": "Light Ocre",
          "colors": ["#e1b150"],
          "switchChannels": {
            "Dimmer / Macro Speed / Mic Sensitivity": "Dimmer"
          }
        },
        {
          "dmxRange": [76, 80],
          "type": "ColorPreset",
          "comment": "Green Pearl",
          "colors": ["#134d24"],
          "switchChannels": {
            "Dimmer / Macro Speed / Mic Sensitivity": "Dimmer"
          }
        },
        {
          "dmxRange": [81, 85],
          "type": "ColorPreset",
          "comment": "Grey Pearl",
          "colors": ["#dee2d9"],
          "switchChannels": {
            "Dimmer / Macro Speed / Mic Sensitivity": "Dimmer"
          }
        },
        {
          "dmxRange": [86, 90],
          "type": "ColorPreset",
          "comment": "Green Veronese",
          "colors": ["#009b7d"],
          "switchChannels": {
            "Dimmer / Macro Speed / Mic Sensitivity": "Dimmer"
          }
        },
        {
          "dmxRange": [91, 95],
          "type": "ColorPreset",
          "comment": "Blue Lagon",
          "colors": ["#03787c"],
          "switchChannels": {
            "Dimmer / Macro Speed / Mic Sensitivity": "Dimmer"
          }
        },
        {
          "dmxRange": [96, 100],
          "type": "ColorPreset",
          "comment": "Sky Blue",
          "colors": ["#46b4f0"],
          "switchChannels": {
            "Dimmer / Macro Speed / Mic Sensitivity": "Dimmer"
          }
        },
        {
          "dmxRange": [101, 105],
          "type": "ColorPreset",
          "comment": "Light Blue",
          "colors": ["#00e1eb"],
          "switchChannels": {
            "Dimmer / Macro Speed / Mic Sensitivity": "Dimmer"
          }
        },
        {
          "dmxRange": [106, 110],
          "type": "ColorPreset",
          "comment": "Cerulean Blue",
          "colors": ["#2a52be"],
          "switchChannels": {
            "Dimmer / Macro Speed / Mic Sensitivity": "Dimmer"
          }
        },
        {
          "dmxRange": [111, 115],
          "type": "ColorPreset",
          "comment": "Fluo",
          "switchChannels": {
            "Dimmer / Macro Speed / Mic Sensitivity": "Dimmer"
          }
        },
        {
          "dmxRange": [116, 120],
          "type": "ColorPreset",
          "comment": "Candy",
          "switchChannels": {
            "Dimmer / Macro Speed / Mic Sensitivity": "Dimmer"
          }
        },
        {
          "dmxRange": [121, 125],
          "type": "ColorPreset",
          "comment": "Amber",
          "colors": ["#ffbf00"],
          "switchChannels": {
            "Dimmer / Macro Speed / Mic Sensitivity": "Dimmer"
          }
        },
        {
          "dmxRange": [126, 130],
          "type": "ColorPreset",
          "comment": "Sunset",
          "colors": ["#fad6a5"],
          "switchChannels": {
            "Dimmer / Macro Speed / Mic Sensitivity": "Dimmer"
          }
        },
        {
          "dmxRange": [131, 135],
          "type": "ColorPreset",
          "comment": "Ultra violet",
          "colors": ["#3e0694"],
          "switchChannels": {
            "Dimmer / Macro Speed / Mic Sensitivity": "Dimmer"
          }
        },
        {
          "dmxRange": [136, 140],
          "type": "ColorPreset",
          "comment": "Ultra Green",
          "switchChannels": {
            "Dimmer / Macro Speed / Mic Sensitivity": "Dimmer"
          }
        },
        {
          "dmxRange": [141, 145],
          "type": "ColorPreset",
          "comment": "Ultra blue",
          "switchChannels": {
            "Dimmer / Macro Speed / Mic Sensitivity": "Dimmer"
          }
        },
        {
          "dmxRange": [146, 150],
          "type": "ColorPreset",
          "comment": "Ultra Pink",
          "switchChannels": {
            "Dimmer / Macro Speed / Mic Sensitivity": "Dimmer"
          }
        },
        {
          "dmxRange": [151, 155],
          "type": "ColorPreset",
          "comment": "Ultra Light",
          "switchChannels": {
            "Dimmer / Macro Speed / Mic Sensitivity": "Dimmer"
          }
        },
        {
          "dmxRange": [156, 160],
          "type": "Effect",
          "effectName": "Macro 1",
          "switchChannels": {
            "Dimmer / Macro Speed / Mic Sensitivity": "Macro Speed"
          }
        },
        {
          "dmxRange": [161, 165],
          "type": "Effect",
          "effectName": "Macro 2",
          "switchChannels": {
            "Dimmer / Macro Speed / Mic Sensitivity": "Macro Speed"
          }
        },
        {
          "dmxRange": [166, 170],
          "type": "Effect",
          "effectName": "Macro 3",
          "switchChannels": {
            "Dimmer / Macro Speed / Mic Sensitivity": "Macro Speed"
          }
        },
        {
          "dmxRange": [171, 175],
          "type": "Effect",
          "effectName": "Macro 4",
          "switchChannels": {
            "Dimmer / Macro Speed / Mic Sensitivity": "Macro Speed"
          }
        },
        {
          "dmxRange": [176, 180],
          "type": "Effect",
          "effectName": "Macro 5",
          "switchChannels": {
            "Dimmer / Macro Speed / Mic Sensitivity": "Macro Speed"
          }
        },
        {
          "dmxRange": [181, 185],
          "type": "Effect",
          "effectName": "Macro 6",
          "switchChannels": {
            "Dimmer / Macro Speed / Mic Sensitivity": "Macro Speed"
          }
        },
        {
          "dmxRange": [186, 190],
          "type": "Effect",
          "effectName": "Macro 7",
          "switchChannels": {
            "Dimmer / Macro Speed / Mic Sensitivity": "Macro Speed"
          }
        },
        {
          "dmxRange": [191, 195],
          "type": "Effect",
          "effectName": "Macro 8",
          "switchChannels": {
            "Dimmer / Macro Speed / Mic Sensitivity": "Macro Speed"
          }
        },
        {
          "dmxRange": [196, 200],
          "type": "Effect",
          "effectName": "Macro 9",
          "switchChannels": {
            "Dimmer / Macro Speed / Mic Sensitivity": "Macro Speed"
          }
        },
        {
          "dmxRange": [201, 205],
          "type": "Effect",
          "effectName": "Macro 10",
          "switchChannels": {
            "Dimmer / Macro Speed / Mic Sensitivity": "Macro Speed"
          }
        },
        {
          "dmxRange": [206, 210],
          "type": "Effect",
          "effectName": "Macro 11",
          "switchChannels": {
            "Dimmer / Macro Speed / Mic Sensitivity": "Macro Speed"
          }
        },
        {
          "dmxRange": [211, 215],
          "type": "Effect",
          "effectName": "Macro 12",
          "switchChannels": {
            "Dimmer / Macro Speed / Mic Sensitivity": "Macro Speed"
          }
        },
        {
          "dmxRange": [216, 220],
          "type": "Effect",
          "effectName": "Macro 13",
          "switchChannels": {
            "Dimmer / Macro Speed / Mic Sensitivity": "Macro Speed"
          }
        },
        {
          "dmxRange": [221, 225],
          "type": "Effect",
          "effectName": "Macro 14",
          "switchChannels": {
            "Dimmer / Macro Speed / Mic Sensitivity": "Macro Speed"
          }
        },
        {
          "dmxRange": [226, 233],
          "type": "Effect",
          "effectName": "Macro 1 music-sensitive",
          "soundControlled": true,
          "switchChannels": {
            "Dimmer / Macro Speed / Mic Sensitivity": "Mic Sensitivity"
          }
        },
        {
          "dmxRange": [234, 241],
          "type": "Effect",
          "effectName": "Macro 7 music-sensitive",
          "soundControlled": true,
          "switchChannels": {
            "Dimmer / Macro Speed / Mic Sensitivity": "Mic Sensitivity"
          }
        },
        {
          "dmxRange": [242, 249],
          "type": "Effect",
          "effectName": "Macro 11 music-sensitive",
          "soundControlled": true,
          "switchChannels": {
            "Dimmer / Macro Speed / Mic Sensitivity": "Mic Sensitivity"
          }
        },
        {
          "dmxRange": [250, 255],
          "type": "Effect",
          "effectName": "Macro 14 music-sensitive",
          "soundControlled": true,
          "switchChannels": {
            "Dimmer / Macro Speed / Mic Sensitivity": "Mic Sensitivity"
          }
        }
      ]
    },
    "Macro Speed": {
      "capability": {
        "type": "EffectSpeed",
        "speedStart": "slow",
        "speedEnd": "fast"
      }
    },
    "Mic Sensitivity": {
      "capability": {
        "type": "SoundSensitivity",
        "soundSensitivityStart": "low",
        "soundSensitivityEnd": "high",
        "helpWanted": "Is it low…high or high…low?"
      }
    }
  },
  "modes": [
    {
      "name": "Macros / Dimmer",
      "shortName": "D2",
      "channels": [
        "Macros",
        "Dimmer / Macro Speed / Mic Sensitivity"
      ]
    },
    {
      "name": "RGBD",
      "shortName": "F4",
      "channels": [
        "Red",
        "Green",
        "Blue",
        "Dimmer / Strobe"
      ]
    },
    {
      "name": "RGBDW",
      "shortName": "G5",
      "channels": [
        "Red",
        "Green",
        "Blue",
        "Dimmer / Strobe",
        "White"
      ]
    },
    {
      "name": "RGBWAUV",
      "shortName": "A6",
      "channels": [
        "Red",
        "Green",
        "Blue",
        "White",
        "Amber",
        "UV"
      ]
    },
    {
      "name": "RGBWAUV / Dimmer and Strobe",
      "shortName": "B7",
      "channels": [
        "Red",
        "Green",
        "Blue",
        "White",
        "Amber",
        "UV",
        "Dimmer / Strobe"
      ]
    },
    {
      "name": "RGBWAUV / Dimmer / Strobe",
      "shortName": "C8",
      "channels": [
        "Red",
        "Green",
        "Blue",
        "White",
        "Amber",
        "UV",
        "Dimmer",
        "Strobe"
      ]
    },
    {
      "name": "RGBWAUV / Dimmer / Strobe / Macros",
      "shortName": "E9",
      "channels": [
        "Red",
        "Green",
        "Blue",
        "White",
        "Amber",
        "UV",
        "Dimmer / Macro Speed / Mic Sensitivity",
        "Strobe",
        "Macros"
      ]
    }
  ],
  "fixtureKey": "irledflat-5x12SIXb",
  "manufacturerKey": "contest",
  "oflURL": "https://open-fixture-library.org/contest/irledflat-5x12SIXb"
}
