{
  "$schema": "https://raw.githubusercontent.com/OpenLightingProject/open-fixture-library/schema-12.5.0/schemas/fixture.json",
  "name": "Stealth Wash Zoom",
  "categories": ["Moving Head", "Color Changer"],
  "meta": {
    "authors": ["Anonymous", "JonahKr"],
    "createDate": "2019-01-05",
    "lastModifyDate": "2021-09-13"
  },
  "links": {
    "manual": [
      "https://cdb.s3.amazonaws.com/ItemRelatedFiles/13274/Stealth%20Wash%20Zoom%20User%20Manual%20Revised%20092018.pdf"
    ],
    "productPage": [
      "https://www.adj.com/stealth-wash-zoom"
    ],
    "video": [
      "https://www.youtube.com/watch?v=M7ALeJ3_jGc",
      "https://www.youtube.com/watch?v=ubeWU8-BfNI"
    ]
  },
  "physical": {
    "dimensions": [234, 321, 158],
    "weight": 4.5,
    "power": 95,
    "DMXconnector": "3-pin",
    "bulb": {
      "type": "7× 12W RGBW LED"
    },
    "lens": {
      "degreesMinMax": [4, 45]
    }
  },
  "availableChannels": {
    "Pan": {
      "fineChannelAliases": ["Pan fine"],
      "capability": {
        "type": "Pan",
        "angleStart": "0deg",
        "angleEnd": "540deg"
      }
    },
    "Tilt": {
      "fineChannelAliases": ["Tilt fine"],
      "capability": {
        "type": "Tilt",
        "angleStart": "0deg",
        "angleEnd": "270deg"
      }
    },
    "Color Macros": {
      "capabilities": [
        {
          "dmxRange": [0, 5],
          "type": "NoFunction"
        },
        {
          "dmxRange": [6, 10],
          "type": "ColorPreset",
          "comment": "Red",
          "colors": ["#ff0000"]
        },
        {
          "dmxRange": [11, 15],
          "type": "ColorPreset",
          "comment": "Green",
          "colors": ["#00ff00"]
        },
        {
          "dmxRange": [16, 20],
          "type": "ColorPreset",
          "comment": "Blue",
          "colors": ["#0000ff"]
        },
        {
          "dmxRange": [21, 25],
          "type": "ColorPreset",
          "comment": "White",
          "colors": ["#ffffff"]
        },
        {
          "dmxRange": [26, 30],
          "type": "ColorPreset",
          "comment": "Red + Green aka Yellow",
          "colors": ["#ffff00"]
        },
        {
          "dmxRange": [31, 35],
          "type": "ColorPreset",
          "comment": "Green + Blue aka Cyan",
          "colors": ["#00ffff"]
        },
        {
          "dmxRange": [36, 40],
          "type": "ColorPreset",
          "comment": "Blue + White",
          "colors": ["#8080ff"]
        },
        {
          "dmxRange": [41, 45],
          "type": "ColorPreset",
          "comment": "Red + Blue aka Magenta",
          "colors": ["#ff00ff"]
        },
        {
          "dmxRange": [46, 50],
          "type": "ColorPreset",
          "comment": "Green + White",
          "colors": ["#80ff80"]
        },
        {
          "dmxRange": [51, 55],
          "type": "ColorPreset",
          "comment": "Red + White",
          "colors": ["#ff8080"]
        },
        {
          "dmxRange": [56, 60],
          "type": "ColorPreset",
          "comment": "Red + Green + Blue aka White",
          "colors": ["#ffffff"]
        },
        {
          "dmxRange": [61, 65],
          "type": "ColorPreset",
          "comment": "Red + Green + White",
          "colors": ["#ffff55"]
        },
        {
          "dmxRange": [66, 70],
          "type": "ColorPreset",
          "comment": "Green + Blue + White",
          "colors": ["#80ffff"]
        },
        {
          "dmxRange": [71, 75],
          "type": "ColorPreset",
          "comment": "Red + Green + Blue + White aka brighter White",
          "colors": ["#ffffff"]
        },
        {
          "dmxRange": [76, 127],
          "type": "Effect",
          "effectPreset": "ColorJump",
          "speedStart": "slow",
          "speedEnd": "fast"
        },
        {
          "dmxRange": [128, 133],
          "type": "NoFunction"
        },
        {
          "dmxRange": [134, 255],
          "type": "Effect",
          "effectPreset": "ColorFade",
          "speedStart": "slow",
          "speedEnd": "fast"
        }
      ]
    },
    "Internal Programs": {
      "capabilities": [
        {
          "dmxRange": [0, 20],
          "type": "NoFunction"
        },
        {
          "dmxRange": [21, 40],
          "type": "Effect",
          "effectName": "Program 1"
        },
        {
          "dmxRange": [41, 60],
          "type": "Effect",
          "effectName": "Program 2"
        },
        {
          "dmxRange": [61, 80],
          "type": "Effect",
          "effectName": "Program 3"
        },
        {
          "dmxRange": [81, 100],
          "type": "Effect",
          "effectName": "Program 4"
        },
        {
          "dmxRange": [101, 120],
          "type": "Effect",
          "effectName": "Program 5"
        },
        {
          "dmxRange": [121, 140],
          "type": "Effect",
          "effectName": "Program 6"
        },
        {
          "dmxRange": [141, 160],
          "type": "Effect",
          "effectName": "Program 7"
        },
        {
          "dmxRange": [161, 180],
          "type": "Effect",
          "effectName": "Program 8"
        },
        {
          "dmxRange": [181, 200],
          "type": "NoFunction"
        },
        {
          "dmxRange": [201, 225],
          "type": "Maintenance",
          "comment": "Reset"
        },
        {
          "dmxRange": [226, 255],
          "type": "NoFunction"
        }
      ]
    },
    "Zoom": {
      "capability": {
        "type": "Zoom",
        "angleStart": "4deg",
        "angleEnd": "45deg"
      }
    },
    "Red": {
      "capability": {
        "type": "ColorIntensity",
        "color": "Red"
      }
    },
    "Green": {
      "capability": {
        "type": "ColorIntensity",
        "color": "Green"
      }
    },
    "Blue": {
      "capability": {
        "type": "ColorIntensity",
        "color": "Blue"
      }
    },
    "White": {
      "capability": {
        "type": "ColorIntensity",
        "color": "White"
      }
    },
    "Dimmer": {
      "capability": {
        "type": "Intensity"
      }
    },
    "Shutter / Strobe": {
      "capabilities": [
        {
          "dmxRange": [0, 9],
          "type": "ShutterStrobe",
          "shutterEffect": "Closed"
        },
        {
          "dmxRange": [10, 245],
          "type": "ShutterStrobe",
          "shutterEffect": "Strobe",
          "speedStart": "slow",
          "speedEnd": "fast"
        },
        {
          "dmxRange": [246, 255],
          "type": "ShutterStrobe",
          "shutterEffect": "Open"
        }
      ]
    },
    "Color Macros 2": {
      "name": "Color Macros",
      "capabilities": [
        {
          "dmxRange": [0, 10],
          "type": "NoFunction"
        },
        {
          "dmxRange": [11, 20],
          "type": "ColorPreset",
          "comment": "Red",
          "colors": ["#ff0000"]
        },
        {
          "dmxRange": [21, 30],
          "type": "ColorPreset",
          "comment": "Green",
          "colors": ["#00ff00"]
        },
        {
          "dmxRange": [31, 40],
          "type": "ColorPreset",
          "comment": "Blue",
          "colors": ["#0000ff"]
        },
        {
          "dmxRange": [41, 50],
          "type": "ColorPreset",
          "comment": "White",
          "colors": ["#ffffff"]
        },
        {
          "dmxRange": [51, 60],
          "type": "ColorPreset",
          "comment": "Red + Green aka Yellow",
          "colors": ["#ffff00"]
        },
        {
          "dmxRange": [61, 70],
          "type": "ColorPreset",
          "comment": "Green + Blue aka Cyan",
          "colors": ["#00ffff"]
        },
        {
          "dmxRange": [71, 80],
          "type": "ColorPreset",
          "comment": "Blue + White",
          "colors": ["#8080ff"]
        },
        {
          "dmxRange": [81, 90],
          "type": "ColorPreset",
          "comment": "Red + Blue aka Magenta",
          "colors": ["#ff00ff"]
        },
        {
          "dmxRange": [91, 100],
          "type": "ColorPreset",
          "comment": "Green + White",
          "colors": ["#80ff80"]
        },
        {
          "dmxRange": [101, 110],
          "type": "ColorPreset",
          "comment": "Red + White",
          "colors": ["#ff8080"]
        },
        {
          "dmxRange": [111, 120],
          "type": "ColorPreset",
          "comment": "Red + Green + Blue aka White",
          "colors": ["#ffffff"]
        },
        {
          "dmxRange": [121, 130],
          "type": "ColorPreset",
          "comment": "Red + Green + White",
          "colors": ["#ffff55"]
        },
        {
          "dmxRange": [131, 140],
          "type": "ColorPreset",
          "comment": "Green + Blue + White",
          "colors": ["#55ffff"]
        },
        {
          "dmxRange": [141, 150],
          "type": "ColorPreset",
          "comment": "Red + Green + Blue + White aka brighter White",
          "colors": ["#ffffff"]
        },
        {
          "dmxRange": [151, 255],
          "type": "Effect",
          "effectPreset": "ColorJump",
          "speedStart": "slow",
          "speedEnd": "fast"
        }
      ]
    },
    "Color Temperature": {
      "capability": {
        "type": "ColorTemperature",
        "colorTemperatureStart": "warm",
        "colorTemperatureEnd": "cold"
      }
    },
    "Color Fade": {
      "capabilities": [
        {
          "dmxRange": [0, 10],
          "type": "NoFunction"
        },
        {
          "dmxRange": [11, 255],
          "type": "Effect",
          "effectPreset": "ColorFade",
          "speedStart": "slow",
          "speedEnd": "fast"
        }
      ]
    },
    "Pan/Tilt Speed": {
      "capability": {
        "type": "PanTiltSpeed",
        "speedStart": "fast",
        "speedEnd": "slow"
      }
    }
  },
  "modes": [
    {
      "name": "5-channel",
      "shortName": "5ch",
      "channels": [
        "Pan",
        "Tilt",
        "Color Macros",
        "Internal Programs",
        "Zoom"
      ]
    },
    {
      "name": "16-channel",
      "shortName": "16ch",
      "channels": [
        "Pan",
        "Pan fine",
        "Tilt",
        "Tilt fine",
        "Red",
        "Green",
        "Blue",
        "White",
        "Dimmer",
        "Shutter / Strobe",
        "Zoom",
        "Color Temperature",
        "Color Macros 2",
        "Color Fade",
        "Pan/Tilt Speed",
        "Internal Programs"
      ]
    }
  ],
  "fixtureKey": "stealth-wash-zoom",
  "manufacturerKey": "eliminator",
  "oflURL": "https://open-fixture-library.org/eliminator/stealth-wash-zoom"
}
