{
  "$schema": "https://raw.githubusercontent.com/OpenLightingProject/open-fixture-library/schema-12.5.0/schemas/fixture.json",
  "name": "LED TMH-X12",
  "categories": ["Moving Head", "Color Changer"],
  "meta": {
    "authors": ["Flo Edelmann"],
    "createDate": "2018-11-08",
    "lastModifyDate": "2024-11-23"
  },
  "links": {
    "manual": [
      "https://www.steinigke.de/download/51785992-Manual-137908-1.200-eurolite-led-tmh-x12-moving-head-spot-Version-ab-22022-de_en.pdf"
    ],
    "productPage": [
      "https://www.steinigke.de/en/mpn51785992-eurolite-led-tmh-x12-moving-head-spot.html"
    ],
    "video": [
      "https://www.youtube.com/watch?v=-jWRxuu8q6U"
    ]
  },
  "physical": {
    "dimensions": [320, 400, 330],
    "weight": 10.5,
    "power": 170,
    "DMXconnector": "3-pin",
    "bulb": {
      "type": "120W white COB LED"
    },
    "lens": {
      "degreesMinMax": [12, 12]
    }
  },
  "wheels": {
    "Color Wheel": {
      "slots": [
        {
          "type": "Open"
        },
        {
          "type": "Color",
          "name": "Red",
          "colors": ["#ff0000"]
        },
        {
          "type": "Color",
          "name": "Orange",
          "colors": ["#ffaa00"]
        },
        {
          "type": "Color",
          "name": "Green",
          "colors": ["#00ff00"]
        },
        {
          "type": "Color",
          "name": "Light Blue",
          "colors": ["#aaccff"]
        },
        {
          "type": "Color",
          "name": "Purple",
          "colors": ["#cc00bb"]
        },
        {
          "type": "Color",
          "name": "Yellow",
          "colors": ["#ffff00"]
        },
        {
          "type": "Color",
          "name": "Blue",
          "colors": ["#0000ff"]
        },
        {
          "type": "Color",
          "name": "Pink",
          "colors": ["#ff00ff"]
        }
      ]
    },
    "Gobo Wheel": {
      "slots": [
        {
          "type": "Open"
        },
        {
          "type": "Gobo"
        },
        {
          "type": "Gobo"
        },
        {
          "type": "Gobo"
        },
        {
          "type": "Gobo"
        },
        {
          "type": "Gobo"
        },
        {
          "type": "Gobo"
        },
        {
          "type": "Gobo"
        }
      ]
    }
  },
  "availableChannels": {
    "Pan": {
      "fineChannelAliases": ["Pan fine"],
      "dmxValueResolution": "8bit",
      "defaultValue": 128,
      "capability": {
        "type": "Pan",
        "angleStart": "0deg",
        "angleEnd": "540deg"
      }
    },
    "Tilt": {
      "fineChannelAliases": ["Tilt fine"],
      "dmxValueResolution": "8bit",
      "defaultValue": 128,
      "capability": {
        "type": "Tilt",
        "angleStart": "0deg",
        "angleEnd": "270deg"
      }
    },
    "Pan/Tilt Speed": {
      "capability": {
        "type": "PanTiltSpeed",
        "speedStart": "slow",
        "speedEnd": "fast"
      }
    },
    "Shutter / Strobe": {
      "capabilities": [
        {
          "dmxRange": [0, 3],
          "type": "ShutterStrobe",
          "shutterEffect": "Closed"
        },
        {
          "dmxRange": [4, 109],
          "type": "ShutterStrobe",
          "shutterEffect": "Strobe",
          "speedStart": "slow",
          "speedEnd": "fast"
        },
        {
          "dmxRange": [110, 209],
          "type": "ShutterStrobe",
          "shutterEffect": "Pulse",
          "speedStart": "slow",
          "speedEnd": "fast"
        },
        {
          "dmxRange": [210, 251],
          "type": "ShutterStrobe",
          "shutterEffect": "Strobe",
          "speedStart": "slow",
          "speedEnd": "fast",
          "randomTiming": true
        },
        {
          "dmxRange": [252, 255],
          "type": "ShutterStrobe",
          "shutterEffect": "Open"
        }
      ]
    },
    "Dimmer": {
      "capability": {
        "type": "Intensity"
      }
    },
    "Color Wheel": {
      "capabilities": [
        {
          "dmxRange": [0, 8],
          "type": "WheelSlot",
          "slotNumber": 1.5
        },
        {
          "dmxRange": [9, 10],
          "type": "WheelSlot",
          "slotNumber": 2
        },
        {
          "dmxRange": [11, 18],
          "type": "WheelSlot",
          "slotNumber": 2.5
        },
        {
          "dmxRange": [19, 20],
          "type": "WheelSlot",
          "slotNumber": 3
        },
        {
          "dmxRange": [21, 28],
          "type": "WheelSlot",
          "slotNumber": 3.5
        },
        {
          "dmxRange": [29, 30],
          "type": "WheelSlot",
          "slotNumber": 4
        },
        {
          "dmxRange": [31, 38],
          "type": "WheelSlot",
          "slotNumber": 4.5
        },
        {
          "dmxRange": [39, 40],
          "type": "WheelSlot",
          "slotNumber": 5
        },
        {
          "dmxRange": [41, 48],
          "type": "WheelSlot",
          "slotNumber": 5.5
        },
        {
          "dmxRange": [49, 50],
          "type": "WheelSlot",
          "slotNumber": 6
        },
        {
          "dmxRange": [51, 58],
          "type": "WheelSlot",
          "slotNumber": 6.5
        },
        {
          "dmxRange": [59, 60],
          "type": "WheelSlot",
          "slotNumber": 7
        },
        {
          "dmxRange": [61, 68],
          "type": "WheelSlot",
          "slotNumber": 7.5
        },
        {
          "dmxRange": [69, 70],
          "type": "WheelSlot",
          "slotNumber": 8
        },
        {
          "dmxRange": [71, 78],
          "type": "WheelSlot",
          "slotNumber": 8.5
        },
        {
          "dmxRange": [79, 80],
          "type": "WheelSlot",
          "slotNumber": 9
        },
        {
          "dmxRange": [81, 88],
          "type": "WheelSlot",
          "slotNumber": 9.5
        },
        {
          "dmxRange": [89, 90],
          "type": "WheelSlot",
          "slotNumber": 1
        },
        {
          "dmxRange": [91, 255],
          "type": "WheelRotation",
          "speedStart": "slow CW",
          "speedEnd": "fast CW"
        }
      ]
    },
    "Gobo Wheel": {
      "capabilities": [
        {
          "dmxRange": [0, 4],
          "type": "WheelSlot",
          "slotNumber": 1
        },
        {
          "dmxRange": [5, 9],
          "type": "WheelSlot",
          "slotNumber": 2
        },
        {
          "dmxRange": [10, 14],
          "type": "WheelSlot",
          "slotNumber": 3
        },
        {
          "dmxRange": [15, 19],
          "type": "WheelSlot",
          "slotNumber": 4
        },
        {
          "dmxRange": [20, 24],
          "type": "WheelSlot",
          "slotNumber": 5
        },
        {
          "dmxRange": [25, 29],
          "type": "WheelSlot",
          "slotNumber": 6
        },
        {
          "dmxRange": [30, 34],
          "type": "WheelSlot",
          "slotNumber": 7
        },
        {
          "dmxRange": [35, 39],
          "type": "WheelSlot",
          "slotNumber": 8
        },
        {
          "dmxRange": [40, 129],
          "type": "WheelRotation",
          "speedStart": "fast CCW",
          "speedEnd": "slow CCW"
        },
        {
          "dmxRange": [130, 134],
          "type": "WheelSlot",
          "slotNumber": 1
        },
        {
          "dmxRange": [135, 220],
          "type": "WheelRotation",
          "speedStart": "slow CW",
          "speedEnd": "fast CW"
        },
        {
          "dmxRange": [221, 225],
          "type": "WheelShake",
          "slotNumber": 2
        },
        {
          "dmxRange": [226, 230],
          "type": "WheelShake",
          "slotNumber": 3
        },
        {
          "dmxRange": [231, 235],
          "type": "WheelShake",
          "slotNumber": 4
        },
        {
          "dmxRange": [236, 240],
          "type": "WheelShake",
          "slotNumber": 5
        },
        {
          "dmxRange": [241, 245],
          "type": "WheelShake",
          "slotNumber": 6
        },
        {
          "dmxRange": [246, 250],
          "type": "WheelShake",
          "slotNumber": 7
        },
        {
          "dmxRange": [251, 255],
          "type": "WheelShake",
          "slotNumber": 8
        }
      ]
    },
    "Gobo Stencil Rotation": {
      "capabilities": [
        {
          "dmxRange": [0, 63],
          "type": "NoFunction"
        },
        {
          "dmxRange": [64, 126],
          "type": "WheelSlotRotation",
          "wheel": "Gobo Wheel",
          "speedStart": "fast CCW",
          "speedEnd": "slow CCW"
        },
        {
          "dmxRange": [127, 127],
          "type": "WheelSlotRotation",
          "wheel": "Gobo Wheel",
          "speed": "stop"
        },
        {
          "dmxRange": [128, 191],
          "type": "WheelSlotRotation",
          "wheel": "Gobo Wheel",
          "speedStart": "slow CW",
          "speedEnd": "fast CW"
        },
        {
          "dmxRange": [192, 192],
          "type": "WheelSlotRotation",
          "wheel": "Gobo Wheel",
          "speed": "stop"
        },
        {
          "dmxRange": [193, 255],
          "type": "Effect",
          "effectName": "Gobo Stencil Shake",
          "speedStart": "slow",
          "speedEnd": "fast"
        }
      ]
    },
    "Focus": {
      "capability": {
        "type": "Focus",
        "distanceStart": "far",
        "distanceEnd": "near"
      }
    },
    "Prism": {
      "capabilities": [
        {
          "dmxRange": [0, 127],
          "type": "NoFunction"
        },
        {
          "dmxRange": [128, 255],
          "type": "Prism",
          "comment": "3-facet"
        }
      ]
    },
    "Prism Rotation": {
      "capabilities": [
        {
          "dmxRange": [0, 63],
          "type": "PrismRotation",
          "speed": "stop"
        },
        {
          "dmxRange": [64, 127],
          "type": "PrismRotation",
          "speedStart": "fast CCW",
          "speedEnd": "slow CCW"
        },
        {
          "dmxRange": [128, 191],
          "type": "PrismRotation",
          "speedStart": "slow CW",
          "speedEnd": "fast CW"
        },
        {
          "dmxRange": [192, 255],
          "type": "Effect",
          "effectName": "Prism Shake",
          "speedStart": "slow",
          "speedEnd": "fast"
        }
      ]
    },
    "Internal Programs": {
      "capabilities": [
        {
          "dmxRange": [0, 5],
          "type": "Maintenance",
          "comment": "Fade delay off"
        },
        {
          "dmxRange": [6, 10],
          "type": "Maintenance",
          "comment": "Fade delay on"
        },
        {
          "dmxRange": [11, 15],
          "type": "NoFunction"
        },
        {
          "dmxRange": [16, 75],
          "type": "Effect",
          "effectName": "Internal Program Auto 1"
        },
        {
          "dmxRange": [76, 135],
          "type": "Effect",
          "effectName": "Internal Program Auto 2"
        },
        {
          "dmxRange": [136, 195],
          "type": "Effect",
          "effectName": "Internal Program Auto 3"
        },
        {
          "dmxRange": [196, 255],
          "type": "Effect",
          "effectName": "Internal Program Auto 4"
        }
      ]
    },
    "Reset": {
      "capabilities": [
        {
          "dmxRange": [0, 25],
          "type": "NoFunction"
        },
        {
          "dmxRange": [26, 45],
          "type": "Maintenance",
          "comment": "Reset others"
        },
        {
          "dmxRange": [46, 103],
          "type": "NoFunction"
        },
        {
          "dmxRange": [104, 119],
          "type": "Maintenance",
          "comment": "Reset Pan/Tilt"
        },
        {
          "dmxRange": [120, 190],
          "type": "NoFunction"
        },
        {
          "dmxRange": [191, 205],
          "type": "Maintenance",
          "comment": "Reset all"
        },
        {
          "dmxRange": [206, 255],
          "type": "NoFunction"
        }
      ]
    }
  },
  "modes": [
    {
      "name": "13-channel",
      "shortName": "13ch",
      "channels": [
        "Pan",
        "Tilt",
        "Pan/Tilt Speed",
        "Shutter / Strobe",
        "Dimmer",
        "Color Wheel",
        "Gobo Wheel",
        "Gobo Stencil Rotation",
        "Focus",
        "Prism",
        "Prism Rotation",
        "Internal Programs",
        "Reset"
      ]
    },
    {
      "name": "15-channel",
      "shortName": "15ch",
      "channels": [
        "Pan",
        "Tilt",
        "Pan/Tilt Speed",
        "Shutter / Strobe",
        "Dimmer",
        "Color Wheel",
        "Gobo Wheel",
        "Gobo Stencil Rotation",
        "Focus",
        "Prism",
        "Prism Rotation",
        "Internal Programs",
        "Reset",
        "Pan fine",
        "Tilt fine"
      ]
    }
  ],
  "fixtureKey": "led-tmh-x12",
  "manufacturerKey": "eurolite",
  "oflURL": "https://open-fixture-library.org/eurolite/led-tmh-x12"
}
