{
  "$schema": "https://raw.githubusercontent.com/OpenLightingProject/open-fixture-library/schema-12.5.0/schemas/fixture.json",
  "name": "Desk Channel",
  "shortName": "DeskCh",
  "categories": ["Dimmer"],
  "meta": {
    "authors": ["Flo Edelmann"],
    "createDate": "2017-07-17",
    "lastModifyDate": "2018-07-21"
  },
  "availableChannels": {
    "Intensity": {
      "fineChannelAliases": ["Intensity fine", "Intensity fine^2"],
      "capability": {
        "type": "Intensity"
      }
    }
  },
  "modes": [
    {
      "name": "8 bit",
      "shortName": "8bit",
      "channels": [
        "Intensity"
      ]
    },
    {
      "name": "16 bit",
      "shortName": "16bit",
      "channels": [
        "Intensity",
        "Intensity fine"
      ]
    },
    {
      "name": "24 bit",
      "shortName": "24bit",
      "channels": [
        "Intensity",
        "Intensity fine",
        "Intensity fine^2"
      ]
    }
  ],
  "fixtureKey": "desk-channel",
  "manufacturerKey": "generic",
  "oflURL": "https://open-fixture-library.org/generic/desk-channel"
}
