{
  "$schema": "https://raw.githubusercontent.com/OpenLightingProject/open-fixture-library/schema-12.5.0/schemas/fixture.json",
  "name": "LS 600D Pro",
  "categories": ["Dimmer", "Effect"],
  "meta": {
    "authors": ["Dyami Caliri"],
    "createDate": "2022-09-24",
    "lastModifyDate": "2022-09-24"
  },
  "links": {
    "manual": [
      "https://aputure.com/wp-content/uploads/2022/06/LS-600d-Pro-DMX-Profile-Specification-V1.0-.pdf"
    ],
    "productPage": [
      "https://aputure.com/products/ls-600d-pro/"
    ]
  },
  "physical": {
    "dimensions": [308, 156, 150],
    "weight": 4.6,
    "power": 600,
    "DMXconnector": "5-pin",
    "bulb": {
      "type": "LED"
    }
  },
  "availableChannels": {
    "Intensity": {
      "capability": {
        "type": "Intensity"
      }
    },
    "Effects": {
      "capabilities": [
        {
          "dmxRange": [0, 19],
          "type": "Effect",
          "effectName": "Paparazzi"
        },
        {
          "dmxRange": [20, 39],
          "type": "Effect",
          "effectName": "Fireworks"
        },
        {
          "dmxRange": [40, 59],
          "type": "Effect",
          "effectName": "Faulty bulb"
        },
        {
          "dmxRange": [60, 79],
          "type": "Effect",
          "effectName": "Lightning"
        },
        {
          "dmxRange": [80, 99],
          "type": "Effect",
          "effectName": "TV"
        },
        {
          "dmxRange": [100, 119],
          "type": "Effect",
          "effectName": "Pulsing"
        },
        {
          "dmxRange": [120, 139],
          "type": "Effect",
          "effectName": "Strobe"
        },
        {
          "dmxRange": [140, 159],
          "type": "Effect",
          "effectName": "Explosion"
        },
        {
          "dmxRange": [160, 255],
          "type": "NoFunction",
          "comment": "Reserved"
        }
      ]
    },
    "Frequency": {
      "capabilities": [
        {
          "dmxRange": [0, 19],
          "type": "Generic",
          "comment": "1"
        },
        {
          "dmxRange": [20, 39],
          "type": "Generic",
          "comment": "2"
        },
        {
          "dmxRange": [40, 59],
          "type": "Generic",
          "comment": "3"
        },
        {
          "dmxRange": [60, 79],
          "type": "Generic",
          "comment": "4"
        },
        {
          "dmxRange": [80, 99],
          "type": "Generic",
          "comment": "5"
        },
        {
          "dmxRange": [100, 119],
          "type": "Generic",
          "comment": "6"
        },
        {
          "dmxRange": [120, 139],
          "type": "Generic",
          "comment": "7"
        },
        {
          "dmxRange": [140, 159],
          "type": "Generic",
          "comment": "8"
        },
        {
          "dmxRange": [160, 179],
          "type": "Generic",
          "comment": "9"
        },
        {
          "dmxRange": [180, 199],
          "type": "Generic",
          "comment": "10"
        },
        {
          "dmxRange": [200, 219],
          "type": "Generic",
          "comment": "Random"
        },
        {
          "dmxRange": [220, 255],
          "type": "NoFunction"
        }
      ]
    },
    "Mode Selection": {
      "capabilities": [
        {
          "dmxRange": [0, 127],
          "type": "Generic",
          "comment": "Manual Mode"
        },
        {
          "dmxRange": [128, 255],
          "type": "Generic",
          "comment": "FX Mode"
        }
      ]
    },
    "Lightning": {
      "capabilities": [
        {
          "dmxRange": [0, 10],
          "type": "Generic",
          "comment": "Stop"
        },
        {
          "dmxRange": [11, 127],
          "type": "Generic",
          "comment": "Trigger"
        },
        {
          "dmxRange": [128, 255],
          "type": "Generic",
          "comment": "Loop"
        }
      ]
    },
    "Explosion": {
      "capabilities": [
        {
          "dmxRange": [0, 10],
          "type": "Generic",
          "comment": "Stop"
        },
        {
          "dmxRange": [11, 127],
          "type": "Generic",
          "comment": "Trigger"
        },
        {
          "dmxRange": [128, 255],
          "type": "NoFunction",
          "comment": "Reserved"
        }
      ]
    }
  },
  "modes": [
    {
      "name": "Lighting & Effect 8-bit",
      "channels": [
        "Intensity",
        "Mode Selection",
        "Effects",
        "Frequency",
        "Lightning",
        "Explosion"
      ]
    }
  ],
  "fixtureKey": "ls-600d-pro",
  "manufacturerKey": "aputure",
  "oflURL": "https://open-fixture-library.org/aputure/ls-600d-pro"
}
