{
  "$schema": "https://raw.githubusercontent.com/OpenLightingProject/open-fixture-library/schema-12.5.0/schemas/fixture.json",
  "name": "Auto Spot 150",
  "shortName": "ADJAutoSpot150",
  "categories": ["Moving Head", "Color Changer"],
  "meta": {
    "authors": ["Felix Edelmann"],
    "createDate": "2018-01-18",
    "lastModifyDate": "2018-07-21"
  },
  "comment": "The different modes refer to the 'Color Mode' setting: no (Full Color) or SC (Split Color)",
  "links": {
    "manual": [
      "https://cdb.s3-us-west-1.amazonaws.com/ItemRelatedFiles/7650/Auto%20Spot%20150.pdf"
    ]
  },
  "physical": {
    "dimensions": [295, 451, 373],
    "weight": 13,
    "DMXconnector": "3-pin",
    "bulb": {
      "type": "LL-HTI150 discharge lamp"
    },
    "lens": {
      "degreesMinMax": [13, 13]
    }
  },
  "wheels": {
    "Gobo Wheel": {
      "slots": [
        {
          "type": "Open"
        },
        {
          "type": "Gobo"
        },
        {
          "type": "Gobo"
        },
        {
          "type": "Gobo"
        },
        {
          "type": "Gobo"
        },
        {
          "type": "Gobo"
        },
        {
          "type": "Gobo"
        },
        {
          "type": "Gobo"
        }
      ]
    },
    "Color Wheel": {
      "slots": [
        {
          "type": "Open"
        },
        {
          "type": "Color",
          "name": "Blue",
          "colors": ["#0000ff"]
        },
        {
          "type": "Color",
          "name": "Yellow",
          "colors": ["#ffff00"]
        },
        {
          "type": "Color",
          "name": "Green",
          "colors": ["#00ff00"]
        },
        {
          "type": "Color",
          "name": "Light Blue",
          "colors": ["#aaddff"]
        },
        {
          "type": "Color",
          "name": "Orange",
          "colors": ["#ff7f00"]
        },
        {
          "type": "Color",
          "name": "Pink",
          "colors": ["#ffaaaa"]
        },
        {
          "type": "Color",
          "name": "Magenta",
          "colors": ["#ff00ff"]
        },
        {
          "type": "Color",
          "name": "Amber",
          "colors": ["#ffbf00"]
        },
        {
          "type": "Color",
          "name": "Light Green",
          "colors": ["#aaffaa"]
        }
      ]
    }
  },
  "availableChannels": {
    "Pan": {
      "defaultValue": "50%",
      "capability": {
        "type": "Pan",
        "angleStart": "0deg",
        "angleEnd": "540deg"
      }
    },
    "Tilt": {
      "defaultValue": "50%",
      "capability": {
        "type": "Tilt",
        "angleStart": "0deg",
        "angleEnd": "270deg"
      }
    },
    "Gobo Wheel": {
      "defaultValue": 0,
      "capabilities": [
        {
          "dmxRange": [0, 15],
          "type": "WheelSlot",
          "slotNumber": 1
        },
        {
          "dmxRange": [16, 31],
          "type": "WheelSlot",
          "slotNumber": 2
        },
        {
          "dmxRange": [32, 47],
          "type": "WheelSlot",
          "slotNumber": 3
        },
        {
          "dmxRange": [48, 63],
          "type": "WheelSlot",
          "slotNumber": 4
        },
        {
          "dmxRange": [64, 79],
          "type": "WheelSlot",
          "slotNumber": 5
        },
        {
          "dmxRange": [80, 95],
          "type": "WheelSlot",
          "slotNumber": 6
        },
        {
          "dmxRange": [96, 111],
          "type": "WheelSlot",
          "slotNumber": 7
        },
        {
          "dmxRange": [112, 127],
          "type": "WheelSlot",
          "slotNumber": 8
        },
        {
          "dmxRange": [128, 255],
          "type": "WheelRotation",
          "speedStart": "slow CW",
          "speedEnd": "fast CW"
        }
      ]
    },
    "Gobo Rotation": {
      "defaultValue": 127,
      "capabilities": [
        {
          "dmxRange": [0, 9],
          "type": "WheelSlotRotation",
          "wheel": "Gobo Wheel",
          "speed": "stop"
        },
        {
          "dmxRange": [10, 120],
          "type": "WheelSlotRotation",
          "wheel": "Gobo Wheel",
          "speedStart": "fast CW",
          "speedEnd": "slow CW"
        },
        {
          "dmxRange": [121, 134],
          "type": "WheelSlotRotation",
          "wheel": "Gobo Wheel",
          "speed": "stop"
        },
        {
          "dmxRange": [135, 245],
          "type": "WheelSlotRotation",
          "wheel": "Gobo Wheel",
          "speedStart": "slow CCW",
          "speedEnd": "fast CCW"
        },
        {
          "dmxRange": [246, 255],
          "type": "WheelSlotRotation",
          "wheel": "Gobo Wheel",
          "speed": "stop"
        }
      ]
    },
    "Split Colors": {
      "defaultValue": 0,
      "capabilities": [
        {
          "dmxRange": [0, 6],
          "type": "WheelSlot",
          "wheel": "Color Wheel",
          "slotNumber": 1
        },
        {
          "dmxRange": [7, 13],
          "type": "WheelSlot",
          "wheel": "Color Wheel",
          "slotNumber": 1.5
        },
        {
          "dmxRange": [14, 20],
          "type": "WheelSlot",
          "wheel": "Color Wheel",
          "slotNumber": 2
        },
        {
          "dmxRange": [21, 26],
          "type": "WheelSlot",
          "wheel": "Color Wheel",
          "slotNumber": 2.5
        },
        {
          "dmxRange": [27, 33],
          "type": "WheelSlot",
          "wheel": "Color Wheel",
          "slotNumber": 3
        },
        {
          "dmxRange": [34, 40],
          "type": "WheelSlot",
          "wheel": "Color Wheel",
          "slotNumber": 3.5
        },
        {
          "dmxRange": [41, 46],
          "type": "WheelSlot",
          "wheel": "Color Wheel",
          "slotNumber": 4
        },
        {
          "dmxRange": [47, 53],
          "type": "WheelSlot",
          "wheel": "Color Wheel",
          "slotNumber": 4.5
        },
        {
          "dmxRange": [54, 60],
          "type": "WheelSlot",
          "wheel": "Color Wheel",
          "slotNumber": 5
        },
        {
          "dmxRange": [61, 66],
          "type": "WheelSlot",
          "wheel": "Color Wheel",
          "slotNumber": 5.5
        },
        {
          "dmxRange": [67, 73],
          "type": "WheelSlot",
          "wheel": "Color Wheel",
          "slotNumber": 6
        },
        {
          "dmxRange": [74, 80],
          "type": "WheelSlot",
          "wheel": "Color Wheel",
          "slotNumber": 6.5
        },
        {
          "dmxRange": [81, 87],
          "type": "WheelSlot",
          "wheel": "Color Wheel",
          "slotNumber": 7
        },
        {
          "dmxRange": [88, 93],
          "type": "WheelSlot",
          "wheel": "Color Wheel",
          "slotNumber": 7.5
        },
        {
          "dmxRange": [94, 100],
          "type": "WheelSlot",
          "wheel": "Color Wheel",
          "slotNumber": 8
        },
        {
          "dmxRange": [101, 107],
          "type": "WheelSlot",
          "wheel": "Color Wheel",
          "slotNumber": 8.5
        },
        {
          "dmxRange": [108, 113],
          "type": "WheelSlot",
          "wheel": "Color Wheel",
          "slotNumber": 9
        },
        {
          "dmxRange": [114, 120],
          "type": "WheelSlot",
          "wheel": "Color Wheel",
          "slotNumber": 9.5
        },
        {
          "dmxRange": [121, 127],
          "type": "WheelSlot",
          "wheel": "Color Wheel",
          "slotNumber": 10
        },
        {
          "dmxRange": [128, 255],
          "type": "WheelRotation",
          "wheel": "Color Wheel",
          "speedStart": "slow CW",
          "speedEnd": "fast CW"
        }
      ]
    },
    "Shutter / Dimmer": {
      "defaultValue": 0,
      "capabilities": [
        {
          "dmxRange": [0, 4],
          "type": "ShutterStrobe",
          "shutterEffect": "Closed"
        },
        {
          "dmxRange": [5, 131],
          "type": "Intensity",
          "brightnessStart": "off",
          "brightnessEnd": "bright"
        },
        {
          "dmxRange": [132, 252],
          "type": "ShutterStrobe",
          "shutterEffect": "Strobe",
          "speedStart": "slow",
          "speedEnd": "fast"
        },
        {
          "dmxRange": [253, 255],
          "type": "ShutterStrobe",
          "shutterEffect": "Open"
        }
      ]
    },
    "Full Colors": {
      "defaultValue": 0,
      "capabilities": [
        {
          "dmxRange": [0, 12],
          "type": "WheelSlot",
          "wheel": "Color Wheel",
          "slotNumber": 1
        },
        {
          "dmxRange": [13, 25],
          "type": "WheelSlot",
          "wheel": "Color Wheel",
          "slotNumber": 2
        },
        {
          "dmxRange": [26, 38],
          "type": "WheelSlot",
          "wheel": "Color Wheel",
          "slotNumber": 3
        },
        {
          "dmxRange": [39, 51],
          "type": "WheelSlot",
          "wheel": "Color Wheel",
          "slotNumber": 4
        },
        {
          "dmxRange": [52, 63],
          "type": "WheelSlot",
          "wheel": "Color Wheel",
          "slotNumber": 5
        },
        {
          "dmxRange": [64, 76],
          "type": "WheelSlot",
          "wheel": "Color Wheel",
          "slotNumber": 6
        },
        {
          "dmxRange": [77, 89],
          "type": "WheelSlot",
          "wheel": "Color Wheel",
          "slotNumber": 7
        },
        {
          "dmxRange": [90, 102],
          "type": "WheelSlot",
          "wheel": "Color Wheel",
          "slotNumber": 8
        },
        {
          "dmxRange": [103, 115],
          "type": "WheelSlot",
          "wheel": "Color Wheel",
          "slotNumber": 9
        },
        {
          "dmxRange": [116, 127],
          "type": "WheelSlot",
          "wheel": "Color Wheel",
          "slotNumber": 10
        },
        {
          "dmxRange": [128, 255],
          "type": "WheelRotation",
          "wheel": "Color Wheel",
          "speedStart": "slow CW",
          "speedEnd": "fast CW"
        }
      ]
    }
  },
  "modes": [
    {
      "name": "Full Color",
      "channels": [
        "Pan",
        "Tilt",
        "Gobo Wheel",
        "Gobo Rotation",
        "Full Colors",
        "Shutter / Dimmer"
      ]
    },
    {
      "name": "Split Color",
      "channels": [
        "Pan",
        "Tilt",
        "Gobo Wheel",
        "Gobo Rotation",
        "Split Colors",
        "Shutter / Dimmer"
      ]
    }
  ],
  "fixtureKey": "auto-spot-150",
  "manufacturerKey": "american-dj",
  "oflURL": "https://open-fixture-library.org/american-dj/auto-spot-150"
}
