{
  "$schema": "https://raw.githubusercontent.com/OpenLightingProject/open-fixture-library/schema-12.5.0/schemas/fixture.json",
  "name": "Dotz Par",
  "shortName": "Dotz Par",
  "categories": ["Blinder", "Color Changer"],
  "meta": {
    "authors": ["TAKU", "Felix Edelmann", "JonahKr"],
    "createDate": "2018-04-09",
    "lastModifyDate": "2021-09-13"
  },
  "links": {
    "manual": [
      "https://cdb.s3.amazonaws.com/ItemRelatedFiles/8795/ADJ%20Dotz%20Par%20-%20User%20Manual.pdf"
    ],
    "productPage": [
      "https://www.adj.com/dotz-par"
    ],
    "video": [
      "https://www.youtube.com/watch?v=0KXL39CwBp8"
    ]
  },
  "physical": {
    "dimensions": [114, 222, 209],
    "weight": 2,
    "power": 36,
    "DMXconnector": "3-pin",
    "bulb": {
      "type": "36W COB Tri LED"
    },
    "lens": {
      "degreesMinMax": [25, 60]
    }
  },
  "availableChannels": {
    "Master Dimmer": {
      "defaultValue": 0,
      "capability": {
        "type": "Intensity"
      }
    },
    "Red": {
      "defaultValue": 0,
      "capability": {
        "type": "ColorIntensity",
        "color": "Red"
      }
    },
    "Green": {
      "defaultValue": 0,
      "capability": {
        "type": "ColorIntensity",
        "color": "Green"
      }
    },
    "Blue": {
      "defaultValue": 0,
      "capability": {
        "type": "ColorIntensity",
        "color": "Blue"
      }
    },
    "Color Macros": {
      "defaultValue": 0,
      "capabilities": [
        {
          "dmxRange": [0, 0],
          "type": "NoFunction"
        },
        {
          "dmxRange": [1, 7],
          "type": "ColorPreset",
          "comment": "Bastard Amber",
          "colors": ["#fcded8"]
        },
        {
          "dmxRange": [8, 15],
          "type": "ColorPreset",
          "comment": "Medium Amber",
          "colors": ["#ffbe55"]
        },
        {
          "dmxRange": [16, 23],
          "type": "ColorPreset",
          "comment": "Pale Amber Gold",
          "colors": ["#fcd7b3"]
        },
        {
          "dmxRange": [24, 31],
          "type": "ColorPreset",
          "comment": "Gallo Gold",
          "colors": ["#fea562"]
        },
        {
          "dmxRange": [32, 39],
          "type": "ColorPreset",
          "comment": "Golden Amber",
          "colors": ["#faa873"]
        },
        {
          "dmxRange": [40, 47],
          "type": "ColorPreset",
          "comment": "Light Red",
          "colors": ["#f50000"]
        },
        {
          "dmxRange": [48, 55],
          "type": "ColorPreset",
          "comment": "Medium Red",
          "colors": ["#c8003c"]
        },
        {
          "dmxRange": [56, 63],
          "type": "ColorPreset",
          "comment": "Medium Pink",
          "colors": ["#ffa0b9"]
        },
        {
          "dmxRange": [64, 71],
          "type": "ColorPreset",
          "comment": "Broadway Pink",
          "colors": ["#e05061"]
        },
        {
          "dmxRange": [72, 79],
          "type": "ColorPreset",
          "comment": "Follies Pink",
          "colors": ["#ff64c8"]
        },
        {
          "dmxRange": [80, 87],
          "type": "ColorPreset",
          "comment": "Light Lavender",
          "colors": ["#e6aafa"]
        },
        {
          "dmxRange": [88, 95],
          "type": "ColorPreset",
          "comment": "Special Lavender",
          "colors": ["#c8b4e6"]
        },
        {
          "dmxRange": [96, 103],
          "type": "ColorPreset",
          "comment": "Lavender",
          "colors": ["#b46ef0"]
        },
        {
          "dmxRange": [104, 111],
          "type": "ColorPreset",
          "comment": "Indigo",
          "colors": ["#002656"]
        },
        {
          "dmxRange": [112, 119],
          "type": "ColorPreset",
          "comment": "Hemsley Blue",
          "colors": ["#008ed0"]
        },
        {
          "dmxRange": [120, 127],
          "type": "ColorPreset",
          "comment": "Tipton Blue",
          "colors": ["#3494d1"]
        },
        {
          "dmxRange": [128, 135],
          "type": "ColorPreset",
          "comment": "Light Steel Blue",
          "colors": ["#1086c9"]
        },
        {
          "dmxRange": [136, 143],
          "type": "ColorPreset",
          "comment": "Light Sky Blue",
          "colors": ["#0091d4"]
        },
        {
          "dmxRange": [144, 151],
          "type": "ColorPreset",
          "comment": "Sky Blue",
          "colors": ["#46b4f0"]
        },
        {
          "dmxRange": [152, 159],
          "type": "ColorPreset",
          "comment": "Brilliant Blue",
          "colors": ["#0081b8"]
        },
        {
          "dmxRange": [160, 167],
          "type": "ColorPreset",
          "comment": "Light Green Blue",
          "colors": ["#005373"]
        },
        {
          "dmxRange": [168, 175],
          "type": "ColorPreset",
          "comment": "Bright Blue",
          "colors": ["#00d2e6"]
        },
        {
          "dmxRange": [176, 183],
          "type": "ColorPreset",
          "comment": "Primary Blue",
          "colors": ["#1064a7"]
        },
        {
          "dmxRange": [184, 191],
          "type": "ColorPreset",
          "comment": "Congo Blue",
          "colors": ["#5000aa"]
        },
        {
          "dmxRange": [192, 199],
          "type": "ColorPreset",
          "comment": "Pale Yellow Green",
          "colors": ["#d1dbb6"]
        },
        {
          "dmxRange": [200, 207],
          "type": "ColorPreset",
          "comment": "Moss Green",
          "colors": ["#5adc5a"]
        },
        {
          "dmxRange": [208, 215],
          "type": "ColorPreset",
          "comment": "Primary Green",
          "colors": ["#4bc300"]
        },
        {
          "dmxRange": [216, 223],
          "type": "ColorPreset",
          "comment": "Double CTB",
          "colors": ["#806bde"]
        },
        {
          "dmxRange": [224, 231],
          "type": "ColorPreset",
          "comment": "Full Red",
          "colors": ["#ff0000"]
        },
        {
          "dmxRange": [232, 239],
          "type": "ColorPreset",
          "comment": "Full Green",
          "colors": ["#00ff00"]
        },
        {
          "dmxRange": [240, 247],
          "type": "ColorPreset",
          "comment": "Full Blue",
          "colors": ["#0000ff"]
        },
        {
          "dmxRange": [248, 255],
          "type": "ColorPreset",
          "comment": "White",
          "colors": ["#ffffff"]
        }
      ]
    },
    "Programs": {
      "defaultValue": 0,
      "capabilities": [
        {
          "dmxRange": [0, 0],
          "type": "NoFunction",
          "switchChannels": {
            "Program Speed / Sound Sensitivity": "Program Speed"
          }
        },
        {
          "dmxRange": [1, 20],
          "type": "Effect",
          "effectName": "Color fade/change",
          "switchChannels": {
            "Program Speed / Sound Sensitivity": "Program Speed"
          }
        },
        {
          "dmxRange": [21, 40],
          "type": "Effect",
          "effectPreset": "ColorJump",
          "comment": "7 colors",
          "switchChannels": {
            "Program Speed / Sound Sensitivity": "Program Speed"
          }
        },
        {
          "dmxRange": [41, 60],
          "type": "Effect",
          "effectPreset": "ColorFade",
          "comment": "7 colors",
          "switchChannels": {
            "Program Speed / Sound Sensitivity": "Program Speed"
          }
        },
        {
          "dmxRange": [61, 80],
          "type": "Effect",
          "effectPreset": "ColorJump",
          "comment": "3 colors",
          "switchChannels": {
            "Program Speed / Sound Sensitivity": "Program Speed"
          }
        },
        {
          "dmxRange": [81, 100],
          "type": "Effect",
          "effectPreset": "ColorFade",
          "comment": "3 colors",
          "switchChannels": {
            "Program Speed / Sound Sensitivity": "Program Speed"
          }
        },
        {
          "dmxRange": [101, 120],
          "type": "Effect",
          "effectPreset": "ColorFade",
          "soundControlled": true,
          "switchChannels": {
            "Program Speed / Sound Sensitivity": "Sound Sensitivity"
          }
        },
        {
          "dmxRange": [121, 140],
          "type": "Effect",
          "effectPreset": "ColorJump",
          "soundControlled": true,
          "switchChannels": {
            "Program Speed / Sound Sensitivity": "Sound Sensitivity"
          }
        },
        {
          "dmxRange": [141, 255],
          "type": "NoFunction",
          "switchChannels": {
            "Program Speed / Sound Sensitivity": "Program Speed"
          }
        }
      ]
    },
    "Program Speed": {
      "capability": {
        "type": "EffectSpeed",
        "speedStart": "slow",
        "speedEnd": "fast"
      }
    },
    "Sound Sensitivity": {
      "capability": {
        "type": "SoundSensitivity",
        "soundSensitivityStart": "low",
        "soundSensitivityEnd": "high"
      }
    },
    "Strobe": {
      "defaultValue": 0,
      "capabilities": [
        {
          "dmxRange": [0, 0],
          "type": "NoFunction"
        },
        {
          "dmxRange": [1, 255],
          "type": "ShutterStrobe",
          "shutterEffect": "Strobe",
          "speedStart": "slow",
          "speedEnd": "fast"
        }
      ]
    },
    "Dimmer Curves": {
      "defaultValue": 0,
      "capabilities": [
        {
          "dmxRange": [0, 41],
          "type": "Maintenance",
          "comment": "Standard"
        },
        {
          "dmxRange": [42, 84],
          "type": "Maintenance",
          "comment": "Stage"
        },
        {
          "dmxRange": [85, 127],
          "type": "Maintenance",
          "comment": "TV"
        },
        {
          "dmxRange": [128, 170],
          "type": "Maintenance",
          "comment": "Architectural"
        },
        {
          "dmxRange": [171, 213],
          "type": "Maintenance",
          "comment": "Theatre"
        },
        {
          "dmxRange": [214, 255],
          "type": "Maintenance",
          "comment": "Default to unit curve setting"
        }
      ]
    }
  },
  "modes": [
    {
      "name": "3-channel",
      "shortName": "3ch",
      "channels": [
        "Red",
        "Green",
        "Blue"
      ]
    },
    {
      "name": "4-channel",
      "shortName": "4ch",
      "channels": [
        "Red",
        "Green",
        "Blue",
        "Master Dimmer"
      ]
    },
    {
      "name": "5-channel",
      "shortName": "5ch",
      "channels": [
        "Red",
        "Green",
        "Blue",
        "Master Dimmer",
        "Dimmer Curves"
      ]
    },
    {
      "name": "9-channel",
      "shortName": "9ch",
      "channels": [
        "Red",
        "Green",
        "Blue",
        "Master Dimmer",
        "Color Macros",
        "Programs",
        "Program Speed / Sound Sensitivity",
        "Strobe",
        "Dimmer Curves"
      ]
    }
  ],
  "fixtureKey": "dotz-par",
  "manufacturerKey": "american-dj",
  "oflURL": "https://open-fixture-library.org/american-dj/dotz-par"
}
