{
  "$schema": "https://raw.githubusercontent.com/OpenLightingProject/open-fixture-library/schema-12.5.0/schemas/fixture.json",
  "name": "Mega Bar 50RGB",
  "categories": ["Color Changer", "Strobe", "Effect"],
  "meta": {
    "authors": ["Peter G.", "Flo Edelmann"],
    "createDate": "2019-12-13",
    "lastModifyDate": "2019-12-13"
  },
  "links": {
    "manual": [
      "https://cdb.s3-us-west-1.amazonaws.com/ItemRelatedFiles/7191/mega_bar_50rgb.pdf"
    ],
    "productPage": [
      "https://www.adj.com/mega-bar-50-rgb"
    ],
    "video": [
      "https://www.youtube.com/watch?v=F4gV5-FdGl0"
    ]
  },
  "physical": {
    "dimensions": [560, 63, 102],
    "weight": 1.5,
    "power": 18,
    "DMXconnector": "3-pin",
    "bulb": {
      "type": "125× 10mm LEDs (24× red, 54× green, 47× blue)"
    },
    "lens": {
      "degreesMinMax": [40, 40]
    }
  },
  "availableChannels": {
    "Color Macros": {
      "capabilities": [
        {
          "dmxRange": [0, 0],
          "type": "NoFunction"
        },
        {
          "dmxRange": [1, 7],
          "type": "ColorPreset",
          "comment": "Color 1",
          "helpWanted": "Which exact colors are these?"
        },
        {
          "dmxRange": [8, 15],
          "type": "ColorPreset",
          "comment": "Color 2"
        },
        {
          "dmxRange": [16, 23],
          "type": "ColorPreset",
          "comment": "Color 3"
        },
        {
          "dmxRange": [24, 31],
          "type": "ColorPreset",
          "comment": "Color 4"
        },
        {
          "dmxRange": [32, 39],
          "type": "ColorPreset",
          "comment": "Color 5"
        },
        {
          "dmxRange": [40, 47],
          "type": "ColorPreset",
          "comment": "Color 6"
        },
        {
          "dmxRange": [48, 55],
          "type": "ColorPreset",
          "comment": "Color 7"
        },
        {
          "dmxRange": [56, 63],
          "type": "ColorPreset",
          "comment": "Color 8"
        },
        {
          "dmxRange": [64, 71],
          "type": "ColorPreset",
          "comment": "Color 9"
        },
        {
          "dmxRange": [72, 79],
          "type": "ColorPreset",
          "comment": "Color 10"
        },
        {
          "dmxRange": [80, 87],
          "type": "ColorPreset",
          "comment": "Color 11"
        },
        {
          "dmxRange": [88, 95],
          "type": "ColorPreset",
          "comment": "Color 12"
        },
        {
          "dmxRange": [96, 103],
          "type": "ColorPreset",
          "comment": "Color 13"
        },
        {
          "dmxRange": [104, 111],
          "type": "ColorPreset",
          "comment": "Color 14"
        },
        {
          "dmxRange": [112, 119],
          "type": "ColorPreset",
          "comment": "Color 15"
        },
        {
          "dmxRange": [120, 127],
          "type": "ColorPreset",
          "comment": "Color 16"
        },
        {
          "dmxRange": [128, 135],
          "type": "ColorPreset",
          "comment": "Color 17"
        },
        {
          "dmxRange": [136, 143],
          "type": "ColorPreset",
          "comment": "Color 18"
        },
        {
          "dmxRange": [144, 151],
          "type": "ColorPreset",
          "comment": "Color 19"
        },
        {
          "dmxRange": [152, 159],
          "type": "ColorPreset",
          "comment": "Color 20"
        },
        {
          "dmxRange": [160, 167],
          "type": "ColorPreset",
          "comment": "Color 21"
        },
        {
          "dmxRange": [168, 175],
          "type": "ColorPreset",
          "comment": "Color 22"
        },
        {
          "dmxRange": [176, 183],
          "type": "ColorPreset",
          "comment": "Color 23"
        },
        {
          "dmxRange": [184, 191],
          "type": "ColorPreset",
          "comment": "Color 24"
        },
        {
          "dmxRange": [192, 199],
          "type": "ColorPreset",
          "comment": "Color 25"
        },
        {
          "dmxRange": [200, 207],
          "type": "ColorPreset",
          "comment": "Color 26"
        },
        {
          "dmxRange": [208, 215],
          "type": "ColorPreset",
          "comment": "Color 27"
        },
        {
          "dmxRange": [216, 223],
          "type": "ColorPreset",
          "comment": "Color 28"
        },
        {
          "dmxRange": [224, 231],
          "type": "ColorPreset",
          "comment": "Color 29"
        },
        {
          "dmxRange": [232, 239],
          "type": "ColorPreset",
          "comment": "Color 30"
        },
        {
          "dmxRange": [240, 247],
          "type": "ColorPreset",
          "comment": "Color 31"
        },
        {
          "dmxRange": [248, 255],
          "type": "ColorPreset",
          "comment": "Color 32"
        }
      ]
    },
    "Intensity": {
      "capability": {
        "type": "Intensity"
      }
    },
    "Red": {
      "capability": {
        "type": "ColorIntensity",
        "color": "Red"
      }
    },
    "Green": {
      "capability": {
        "type": "ColorIntensity",
        "color": "Green"
      }
    },
    "Blue": {
      "capability": {
        "type": "ColorIntensity",
        "color": "Blue"
      }
    },
    "Strobe": {
      "capabilities": [
        {
          "dmxRange": [0, 15],
          "type": "NoFunction"
        },
        {
          "dmxRange": [16, 255],
          "type": "ShutterStrobe",
          "shutterEffect": "Strobe",
          "speedStart": "slow",
          "speedEnd": "fast"
        }
      ]
    },
    "Program Speed": {
      "capability": {
        "type": "EffectSpeed",
        "speedStart": "slow",
        "speedEnd": "fast"
      }
    },
    "Sound Sensitivity": {
      "capability": {
        "type": "SoundSensitivity",
        "soundSensitivityStart": "low",
        "soundSensitivityEnd": "high"
      }
    },
    "Program": {
      "defaultValue": 0,
      "capabilities": [
        {
          "dmxRange": [0, 127],
          "type": "NoFunction",
          "switchChannels": {
            "Strobe / Program Speed / Sound Sensitivity": "Strobe"
          }
        },
        {
          "dmxRange": [128, 159],
          "type": "Effect",
          "effectPreset": "ColorFade",
          "comment": "Color Mixing",
          "switchChannels": {
            "Strobe / Program Speed / Sound Sensitivity": "Program Speed"
          }
        },
        {
          "dmxRange": [160, 191],
          "type": "Effect",
          "effectPreset": "ColorJump",
          "comment": "3 Color Change",
          "switchChannels": {
            "Strobe / Program Speed / Sound Sensitivity": "Program Speed"
          }
        },
        {
          "dmxRange": [192, 223],
          "type": "Effect",
          "effectPreset": "ColorJump",
          "comment": "7 Color Change",
          "switchChannels": {
            "Strobe / Program Speed / Sound Sensitivity": "Program Speed"
          }
        },
        {
          "dmxRange": [224, 255],
          "type": "Effect",
          "effectName": "Sound Active",
          "soundControlled": true,
          "switchChannels": {
            "Strobe / Program Speed / Sound Sensitivity": "Sound Sensitivity"
          }
        }
      ]
    }
  },
  "modes": [
    {
      "name": "1-channel",
      "shortName": "1ch",
      "channels": [
        "Color Macros"
      ]
    },
    {
      "name": "2-channel",
      "shortName": "2ch",
      "channels": [
        "Color Macros",
        "Intensity"
      ]
    },
    {
      "name": "3-channel",
      "shortName": "3ch",
      "channels": [
        "Red",
        "Green",
        "Blue"
      ]
    },
    {
      "name": "4-channel",
      "shortName": "4ch",
      "channels": [
        "Red",
        "Green",
        "Blue",
        "Intensity"
      ]
    },
    {
      "name": "5-channel",
      "shortName": "5ch",
      "channels": [
        "Red",
        "Green",
        "Blue",
        "Intensity",
        "Color Macros"
      ]
    },
    {
      "name": "6-channel",
      "shortName": "6ch",
      "channels": [
        "Red",
        "Green",
        "Blue",
        "Color Macros",
        "Strobe",
        "Intensity"
      ]
    },
    {
      "name": "7-channel",
      "shortName": "7ch",
      "channels": [
        "Red",
        "Green",
        "Blue",
        "Color Macros",
        "Strobe / Program Speed / Sound Sensitivity",
        "Program",
        "Intensity"
      ]
    }
  ],
  "fixtureKey": "mega-bar-50rgb",
  "manufacturerKey": "american-dj",
  "oflURL": "https://open-fixture-library.org/american-dj/mega-bar-50rgb"
}
