{
  "$schema": "https://raw.githubusercontent.com/OpenLightingProject/open-fixture-library/schema-12.5.0/schemas/fixture.json",
  "name": "Mega TRIPAR Profile",
  "categories": ["Color Changer"],
  "meta": {
    "authors": ["Glenn Meder", "Ryan Goodwin", "Ken Harris"],
    "createDate": "2019-07-13",
    "lastModifyDate": "2025-03-25"
  },
  "links": {
    "manual": [
      "https://cdb.s3-us-west-1.amazonaws.com/ItemRelatedFiles/7049/mega_tripar_profile.pdf"
    ],
    "productPage": [
      "https://www.adj.com/mega-tripar-profile"
    ],
    "video": [
      "https://www.youtube.com/watch?v=NFXLK0EjYCQ"
    ]
  },
  "physical": {
    "dimensions": [225, 220, 85],
    "weight": 1.2,
    "power": 16,
    "DMXconnector": "3-pin",
    "bulb": {
      "type": "LED",
      "lumens": 519
    },
    "lens": {
      "degreesMinMax": [40, 40]
    }
  },
  "availableChannels": {
    "Color macros": {
      "defaultValue": 0,
      "capabilities": [
        {
          "dmxRange": [0, 0],
          "type": "NoFunction"
        },
        {
          "dmxRange": [1, 7],
          "type": "ColorPreset",
          "comment": "Bastard Amber"
        },
        {
          "dmxRange": [8, 15],
          "type": "ColorPreset",
          "comment": "Medium Amber"
        },
        {
          "dmxRange": [16, 23],
          "type": "ColorPreset",
          "comment": "Pale Amber Gold"
        },
        {
          "dmxRange": [24, 31],
          "type": "ColorPreset",
          "comment": "Gallo Gold"
        },
        {
          "dmxRange": [32, 39],
          "type": "ColorPreset",
          "comment": "Golden Amber"
        },
        {
          "dmxRange": [40, 47],
          "type": "ColorPreset",
          "comment": "Light Red"
        },
        {
          "dmxRange": [48, 55],
          "type": "ColorPreset",
          "comment": "Medium Red"
        },
        {
          "dmxRange": [56, 63],
          "type": "ColorPreset",
          "comment": "Medium Pink"
        },
        {
          "dmxRange": [64, 71],
          "type": "ColorPreset",
          "comment": "Broadway Pink"
        },
        {
          "dmxRange": [72, 79],
          "type": "ColorPreset",
          "comment": "Follies Pink"
        },
        {
          "dmxRange": [80, 87],
          "type": "ColorPreset",
          "comment": "Light Lavender"
        },
        {
          "dmxRange": [88, 95],
          "type": "ColorPreset",
          "comment": "Special Lavender"
        },
        {
          "dmxRange": [96, 103],
          "type": "ColorPreset",
          "comment": "Lavender"
        },
        {
          "dmxRange": [104, 111],
          "type": "ColorPreset",
          "comment": "Indigo"
        },
        {
          "dmxRange": [112, 119],
          "type": "ColorPreset",
          "comment": "Hemsley Blue"
        },
        {
          "dmxRange": [120, 127],
          "type": "ColorPreset",
          "comment": "Tipton Blue"
        },
        {
          "dmxRange": [128, 135],
          "type": "ColorPreset",
          "comment": "Light Steel Blue"
        },
        {
          "dmxRange": [136, 143],
          "type": "ColorPreset",
          "comment": "Light Sky Blue"
        },
        {
          "dmxRange": [144, 151],
          "type": "ColorPreset",
          "comment": "Sky Blue"
        },
        {
          "dmxRange": [152, 159],
          "type": "ColorPreset",
          "comment": "Brilliant Blue"
        },
        {
          "dmxRange": [160, 167],
          "type": "ColorPreset",
          "comment": "Light Green Blue"
        },
        {
          "dmxRange": [168, 175],
          "type": "ColorPreset",
          "comment": "Bright Blue"
        },
        {
          "dmxRange": [176, 183],
          "type": "ColorPreset",
          "comment": "Primary Blue"
        },
        {
          "dmxRange": [184, 191],
          "type": "ColorPreset",
          "comment": "Congo Blue"
        },
        {
          "dmxRange": [192, 199],
          "type": "ColorPreset",
          "comment": "Pale Yellow Green"
        },
        {
          "dmxRange": [200, 207],
          "type": "ColorPreset",
          "comment": "Moss Green"
        },
        {
          "dmxRange": [208, 215],
          "type": "ColorPreset",
          "comment": "Primary Green"
        },
        {
          "dmxRange": [216, 223],
          "type": "ColorPreset",
          "comment": "Double CTB"
        },
        {
          "dmxRange": [224, 231],
          "type": "ColorPreset",
          "comment": "Full CTB"
        },
        {
          "dmxRange": [232, 239],
          "type": "ColorPreset",
          "comment": "Half CTB"
        },
        {
          "dmxRange": [240, 247],
          "type": "ColorPreset",
          "comment": "Dark Blue"
        },
        {
          "dmxRange": [248, 255],
          "type": "ColorPreset",
          "comment": "White"
        }
      ]
    },
    "Dimmer": {
      "capability": {
        "type": "Intensity"
      }
    },
    "Red": {
      "capability": {
        "type": "ColorIntensity",
        "color": "Red"
      }
    },
    "Green": {
      "capability": {
        "type": "ColorIntensity",
        "color": "Green"
      }
    },
    "Blue": {
      "capability": {
        "type": "ColorIntensity",
        "color": "Blue"
      }
    },
    "Strobe": {
      "capabilities": [
        {
          "dmxRange": [0, 15],
          "type": "ShutterStrobe",
          "shutterEffect": "Open"
        },
        {
          "dmxRange": [16, 255],
          "type": "ShutterStrobe",
          "shutterEffect": "Strobe",
          "speedStart": "slow",
          "speedEnd": "fast"
        }
      ]
    },
    "Program Speed": {
      "capabilities": [
        {
          "dmxRange": [0, 15],
          "type": "NoFunction"
        },
        {
          "dmxRange": [16, 255],
          "type": "EffectSpeed",
          "speedStart": "slow",
          "speedEnd": "fast"
        }
      ]
    },
    "Sound Sensitivity": {
      "capabilities": [
        {
          "dmxRange": [0, 15],
          "type": "NoFunction",
          "helpWanted": "Can Sound Sensitivity already be controlled in this capability?"
        },
        {
          "dmxRange": [16, 255],
          "type": "SoundSensitivity",
          "soundSensitivityStart": "low",
          "soundSensitivityEnd": "high"
        }
      ]
    },
    "Programs": {
      "defaultValue": 0,
      "capabilities": [
        {
          "dmxRange": [0, 127],
          "type": "NoFunction",
          "switchChannels": {
            "Strobe / Program Speed / Sound Sensitivity": "Strobe"
          }
        },
        {
          "dmxRange": [128, 135],
          "type": "Effect",
          "effectName": "Color Dreaming 1",
          "switchChannels": {
            "Strobe / Program Speed / Sound Sensitivity": "Program Speed"
          }
        },
        {
          "dmxRange": [136, 143],
          "type": "Effect",
          "effectName": "Color Dreaming 2",
          "switchChannels": {
            "Strobe / Program Speed / Sound Sensitivity": "Program Speed"
          }
        },
        {
          "dmxRange": [144, 151],
          "type": "Effect",
          "effectName": "Color Dreaming 3",
          "switchChannels": {
            "Strobe / Program Speed / Sound Sensitivity": "Program Speed"
          }
        },
        {
          "dmxRange": [152, 159],
          "type": "Effect",
          "effectName": "Color Dreaming 4",
          "switchChannels": {
            "Strobe / Program Speed / Sound Sensitivity": "Program Speed"
          }
        },
        {
          "dmxRange": [160, 167],
          "type": "Effect",
          "effectName": "Color Dreaming 5",
          "switchChannels": {
            "Strobe / Program Speed / Sound Sensitivity": "Program Speed"
          }
        },
        {
          "dmxRange": [168, 175],
          "type": "Effect",
          "effectName": "Color Dreaming 6",
          "switchChannels": {
            "Strobe / Program Speed / Sound Sensitivity": "Program Speed"
          }
        },
        {
          "dmxRange": [176, 183],
          "type": "Effect",
          "effectName": "Color Dreaming 7",
          "switchChannels": {
            "Strobe / Program Speed / Sound Sensitivity": "Program Speed"
          }
        },
        {
          "dmxRange": [184, 191],
          "type": "Effect",
          "effectName": "Color Dreaming 8",
          "switchChannels": {
            "Strobe / Program Speed / Sound Sensitivity": "Program Speed"
          }
        },
        {
          "dmxRange": [192, 199],
          "type": "Effect",
          "effectName": "Color Change 1",
          "switchChannels": {
            "Strobe / Program Speed / Sound Sensitivity": "Program Speed"
          }
        },
        {
          "dmxRange": [200, 207],
          "type": "Effect",
          "effectName": "Color Change 2",
          "switchChannels": {
            "Strobe / Program Speed / Sound Sensitivity": "Program Speed"
          }
        },
        {
          "dmxRange": [208, 215],
          "type": "Effect",
          "effectName": "Color Change 2",
          "switchChannels": {
            "Strobe / Program Speed / Sound Sensitivity": "Program Speed"
          }
        },
        {
          "dmxRange": [216, 223],
          "type": "Effect",
          "effectName": "Color Change 4",
          "switchChannels": {
            "Strobe / Program Speed / Sound Sensitivity": "Program Speed"
          }
        },
        {
          "dmxRange": [224, 231],
          "type": "Effect",
          "effectName": "Color Change 5",
          "switchChannels": {
            "Strobe / Program Speed / Sound Sensitivity": "Program Speed"
          }
        },
        {
          "dmxRange": [232, 239],
          "type": "Effect",
          "effectName": "Color Change 6",
          "switchChannels": {
            "Strobe / Program Speed / Sound Sensitivity": "Program Speed"
          }
        },
        {
          "dmxRange": [240, 247],
          "type": "Effect",
          "effectName": "Sound Active Mode 1",
          "soundControlled": true,
          "switchChannels": {
            "Strobe / Program Speed / Sound Sensitivity": "Sound Sensitivity"
          }
        },
        {
          "dmxRange": [248, 255],
          "type": "Effect",
          "effectName": "Sound Active Mode 2",
          "soundControlled": true,
          "switchChannels": {
            "Strobe / Program Speed / Sound Sensitivity": "Sound Sensitivity"
          }
        }
      ]
    }
  },
  "modes": [
    {
      "name": "1-channel",
      "shortName": "Ch.01",
      "channels": [
        "Color macros"
      ]
    },
    {
      "name": "2-channel",
      "shortName": "Ch.02",
      "channels": [
        "Color macros",
        "Dimmer"
      ]
    },
    {
      "name": "3-channel",
      "shortName": "Ch.03",
      "channels": [
        "Red",
        "Green",
        "Blue"
      ]
    },
    {
      "name": "4-channel",
      "shortName": "Ch.04",
      "channels": [
        "Red",
        "Green",
        "Blue",
        "Dimmer"
      ]
    },
    {
      "name": "5-channel",
      "shortName": "Ch.05",
      "channels": [
        "Red",
        "Green",
        "Blue",
        "Dimmer",
        "Color macros"
      ]
    },
    {
      "name": "6-channel",
      "shortName": "Ch.06",
      "channels": [
        "Red",
        "Green",
        "Blue",
        "Color macros",
        "Strobe",
        "Dimmer"
      ]
    },
    {
      "name": "7-channel",
      "shortName": "Ch.07",
      "channels": [
        "Red",
        "Green",
        "Blue",
        "Color macros",
        "Strobe / Program Speed / Sound Sensitivity",
        "Programs",
        "Dimmer"
      ]
    }
  ],
  "fixtureKey": "mega-tripar-profile",
  "manufacturerKey": "american-dj",
  "oflURL": "https://open-fixture-library.org/american-dj/mega-tripar-profile"
}
