{
  "$schema": "https://raw.githubusercontent.com/OpenLightingProject/open-fixture-library/schema-12.5.0/schemas/fixture.json",
  "name": "Pocket Pro",
  "categories": ["Moving Head", "Color Changer"],
  "meta": {
    "authors": ["Anonymous"],
    "createDate": "2019-03-16",
    "lastModifyDate": "2019-03-16"
  },
  "links": {
    "manual": [
      "https://d295jznhem2tn9.cloudfront.net/ItemRelatedFiles/11246/ADJ%20Pocket%20Pro%20%20Pocket%20Pro%20Pearl%20-%20User%20Manual.pdf"
    ],
    "productPage": [
      "https://www.adj.com/pocket-pro"
    ],
    "video": [
      "https://www.youtube.com/watch?v=KOGvGZemSUA"
    ]
  },
  "physical": {
    "dimensions": [147, 265, 159],
    "weight": 3.6,
    "power": 53,
    "DMXconnector": "3-pin",
    "bulb": {
      "type": "25W white LED"
    },
    "lens": {
      "degreesMinMax": [15, 15]
    }
  },
  "wheels": {
    "Color Wheel": {
      "direction": "CCW",
      "slots": [
        {
          "type": "Open"
        },
        {
          "type": "Color",
          "name": "Red",
          "colors": ["#ff0000"]
        },
        {
          "type": "Color",
          "name": "Orange",
          "colors": ["#ffaa00"]
        },
        {
          "type": "Color",
          "name": "Yellow",
          "colors": ["#ffff00"]
        },
        {
          "type": "Color",
          "name": "Green",
          "colors": ["#00ff00"]
        },
        {
          "type": "Color",
          "name": "UV",
          "colors": ["#8800ff"]
        },
        {
          "type": "Color",
          "name": "Blue",
          "colors": ["#0000ff"]
        },
        {
          "type": "Color",
          "name": "Pink",
          "colors": ["#ff00ff"]
        }
      ]
    },
    "Gobo Wheel": {
      "direction": "CCW",
      "slots": [
        {
          "type": "Open"
        },
        {
          "type": "Gobo",
          "name": "Glass"
        },
        {
          "type": "Gobo",
          "name": "Stars"
        },
        {
          "type": "Gobo",
          "name": "Squares"
        },
        {
          "type": "Gobo",
          "name": "Astrisk"
        },
        {
          "type": "Gobo",
          "name": "Leaves"
        },
        {
          "type": "Gobo",
          "name": "Diamonds"
        },
        {
          "type": "Gobo",
          "name": "Bubbles"
        }
      ]
    }
  },
  "availableChannels": {
    "Pan": {
      "fineChannelAliases": ["Pan fine"],
      "capability": {
        "type": "Pan",
        "angleStart": "0deg",
        "angleEnd": "540deg"
      }
    },
    "Tilt": {
      "fineChannelAliases": ["Tilt fine"],
      "capability": {
        "type": "Tilt",
        "angleStart": "0deg",
        "angleEnd": "230deg"
      }
    },
    "Color Wheel": {
      "capabilities": [
        {
          "dmxRange": [0, 7],
          "type": "WheelSlot",
          "slotNumber": 1
        },
        {
          "dmxRange": [8, 14],
          "type": "WheelSlot",
          "slotNumber": 2
        },
        {
          "dmxRange": [15, 21],
          "type": "WheelSlot",
          "slotNumber": 3
        },
        {
          "dmxRange": [22, 28],
          "type": "WheelSlot",
          "slotNumber": 4
        },
        {
          "dmxRange": [29, 35],
          "type": "WheelSlot",
          "slotNumber": 5
        },
        {
          "dmxRange": [36, 42],
          "type": "WheelSlot",
          "slotNumber": 6
        },
        {
          "dmxRange": [43, 49],
          "type": "WheelSlot",
          "slotNumber": 7
        },
        {
          "dmxRange": [50, 56],
          "type": "WheelSlot",
          "slotNumber": 8
        },
        {
          "dmxRange": [57, 66],
          "type": "WheelSlot",
          "slotNumber": 1.5
        },
        {
          "dmxRange": [67, 76],
          "type": "WheelSlot",
          "slotNumber": 2.5
        },
        {
          "dmxRange": [77, 86],
          "type": "WheelSlot",
          "slotNumber": 3.5
        },
        {
          "dmxRange": [87, 96],
          "type": "WheelSlot",
          "slotNumber": 4.5
        },
        {
          "dmxRange": [97, 106],
          "type": "WheelSlot",
          "slotNumber": 5.5
        },
        {
          "dmxRange": [107, 116],
          "type": "WheelSlot",
          "slotNumber": 6.5
        },
        {
          "dmxRange": [117, 127],
          "type": "WheelSlot",
          "slotNumber": 7.5
        },
        {
          "dmxRange": [128, 189],
          "type": "WheelRotation",
          "speedStart": "fast CW",
          "speedEnd": "slow CW"
        },
        {
          "dmxRange": [190, 193],
          "type": "WheelRotation",
          "speed": "stop"
        },
        {
          "dmxRange": [194, 255],
          "type": "WheelRotation",
          "speedStart": "slow CCW",
          "speedEnd": "fast CCW"
        }
      ]
    },
    "Gobo Wheel": {
      "capabilities": [
        {
          "dmxRange": [0, 7],
          "type": "WheelSlot",
          "slotNumber": 1
        },
        {
          "dmxRange": [8, 15],
          "type": "WheelSlot",
          "slotNumber": 2
        },
        {
          "dmxRange": [16, 23],
          "type": "WheelSlot",
          "slotNumber": 3
        },
        {
          "dmxRange": [24, 31],
          "type": "WheelSlot",
          "slotNumber": 4
        },
        {
          "dmxRange": [32, 39],
          "type": "WheelSlot",
          "slotNumber": 5
        },
        {
          "dmxRange": [40, 47],
          "type": "WheelSlot",
          "slotNumber": 6
        },
        {
          "dmxRange": [48, 55],
          "type": "WheelSlot",
          "slotNumber": 7
        },
        {
          "dmxRange": [56, 63],
          "type": "WheelSlot",
          "slotNumber": 8
        },
        {
          "dmxRange": [64, 71],
          "type": "WheelShake",
          "slotNumber": 1,
          "shakeSpeedStart": "slow",
          "shakeSpeedEnd": "fast"
        },
        {
          "dmxRange": [72, 79],
          "type": "WheelShake",
          "slotNumber": 2,
          "shakeSpeedStart": "slow",
          "shakeSpeedEnd": "fast"
        },
        {
          "dmxRange": [80, 87],
          "type": "WheelShake",
          "slotNumber": 3,
          "shakeSpeedStart": "slow",
          "shakeSpeedEnd": "fast"
        },
        {
          "dmxRange": [88, 95],
          "type": "WheelShake",
          "slotNumber": 4,
          "shakeSpeedStart": "slow",
          "shakeSpeedEnd": "fast"
        },
        {
          "dmxRange": [96, 103],
          "type": "WheelShake",
          "slotNumber": 5,
          "shakeSpeedStart": "slow",
          "shakeSpeedEnd": "fast"
        },
        {
          "dmxRange": [104, 111],
          "type": "WheelShake",
          "slotNumber": 6,
          "shakeSpeedStart": "slow",
          "shakeSpeedEnd": "fast"
        },
        {
          "dmxRange": [112, 119],
          "type": "WheelShake",
          "slotNumber": 7,
          "shakeSpeedStart": "slow",
          "shakeSpeedEnd": "fast"
        },
        {
          "dmxRange": [120, 127],
          "type": "WheelShake",
          "slotNumber": 8,
          "shakeSpeedStart": "slow",
          "shakeSpeedEnd": "fast"
        },
        {
          "dmxRange": [128, 189],
          "type": "WheelRotation",
          "speedStart": "fast CW",
          "speedEnd": "slow CW"
        },
        {
          "dmxRange": [190, 193],
          "type": "WheelRotation",
          "speed": "stop"
        },
        {
          "dmxRange": [194, 255],
          "type": "WheelRotation",
          "speedStart": "slow CCW",
          "speedEnd": "fast CCW"
        }
      ]
    },
    "Shutter": {
      "defaultValue": 8,
      "capabilities": [
        {
          "dmxRange": [0, 7],
          "type": "ShutterStrobe",
          "shutterEffect": "Closed"
        },
        {
          "dmxRange": [8, 15],
          "type": "ShutterStrobe",
          "shutterEffect": "Open"
        },
        {
          "dmxRange": [16, 131],
          "type": "ShutterStrobe",
          "shutterEffect": "Strobe",
          "speedStart": "slow",
          "speedEnd": "fast"
        },
        {
          "dmxRange": [132, 139],
          "type": "ShutterStrobe",
          "shutterEffect": "Open"
        },
        {
          "dmxRange": [140, 181],
          "type": "ShutterStrobe",
          "shutterEffect": "RampUp",
          "speedStart": "slow",
          "speedEnd": "fast"
        },
        {
          "dmxRange": [182, 189],
          "type": "ShutterStrobe",
          "shutterEffect": "Open"
        },
        {
          "dmxRange": [190, 231],
          "type": "ShutterStrobe",
          "shutterEffect": "RampDown",
          "speedStart": "slow",
          "speedEnd": "fast"
        },
        {
          "dmxRange": [232, 239],
          "type": "ShutterStrobe",
          "shutterEffect": "Open"
        },
        {
          "dmxRange": [240, 247],
          "type": "ShutterStrobe",
          "shutterEffect": "Strobe",
          "speedStart": "slow",
          "speedEnd": "fast",
          "randomTiming": true
        },
        {
          "dmxRange": [248, 255],
          "type": "ShutterStrobe",
          "shutterEffect": "Open"
        }
      ]
    },
    "Dimmer": {
      "capability": {
        "type": "Intensity"
      }
    },
    "Pan/Tilt Macros": {
      "capabilities": [
        {
          "dmxRange": [0, 7],
          "type": "NoFunction"
        },
        {
          "dmxRange": [8, 15],
          "type": "Effect",
          "effectName": "Macro 1"
        },
        {
          "dmxRange": [16, 23],
          "type": "Effect",
          "effectName": "Macro 2"
        },
        {
          "dmxRange": [24, 31],
          "type": "Effect",
          "effectName": "Macro 3"
        },
        {
          "dmxRange": [32, 39],
          "type": "Effect",
          "effectName": "Macro 4"
        },
        {
          "dmxRange": [40, 47],
          "type": "Effect",
          "effectName": "Macro 5"
        },
        {
          "dmxRange": [48, 55],
          "type": "Effect",
          "effectName": "Macro 6"
        },
        {
          "dmxRange": [56, 63],
          "type": "Effect",
          "effectName": "Macro 7"
        },
        {
          "dmxRange": [64, 71],
          "type": "Effect",
          "effectName": "Macro 8"
        },
        {
          "dmxRange": [72, 79],
          "type": "Effect",
          "effectName": "Macro 9"
        },
        {
          "dmxRange": [80, 87],
          "type": "Effect",
          "effectName": "Macro 10"
        },
        {
          "dmxRange": [88, 95],
          "type": "Effect",
          "effectName": "Macro 11"
        },
        {
          "dmxRange": [96, 103],
          "type": "Effect",
          "effectName": "Macro 12"
        },
        {
          "dmxRange": [104, 111],
          "type": "Effect",
          "effectName": "Macro 13"
        },
        {
          "dmxRange": [112, 119],
          "type": "Effect",
          "effectName": "Macro 14"
        },
        {
          "dmxRange": [120, 127],
          "type": "Effect",
          "effectName": "Macro 15"
        },
        {
          "dmxRange": [128, 135],
          "type": "Effect",
          "effectName": "Macro 16"
        },
        {
          "dmxRange": [136, 143],
          "type": "Effect",
          "effectName": "Macro 17"
        },
        {
          "dmxRange": [144, 151],
          "type": "Effect",
          "effectName": "Macro 18"
        },
        {
          "dmxRange": [152, 159],
          "type": "Effect",
          "effectName": "Macro 19"
        },
        {
          "dmxRange": [160, 167],
          "type": "Effect",
          "effectName": "Macro 20"
        },
        {
          "dmxRange": [168, 175],
          "type": "Effect",
          "effectName": "Macro 21"
        },
        {
          "dmxRange": [176, 183],
          "type": "Effect",
          "effectName": "Macro 22"
        },
        {
          "dmxRange": [184, 191],
          "type": "Effect",
          "effectName": "Macro 23"
        },
        {
          "dmxRange": [192, 199],
          "type": "Effect",
          "effectName": "Macro 24"
        },
        {
          "dmxRange": [200, 207],
          "type": "Effect",
          "effectName": "Macro 25"
        },
        {
          "dmxRange": [208, 215],
          "type": "Effect",
          "effectName": "Macro 26"
        },
        {
          "dmxRange": [216, 223],
          "type": "Effect",
          "effectName": "Macro 27"
        },
        {
          "dmxRange": [224, 231],
          "type": "Effect",
          "effectName": "Macro 28"
        },
        {
          "dmxRange": [232, 239],
          "type": "Effect",
          "effectName": "Macro 29"
        },
        {
          "dmxRange": [240, 247],
          "type": "Effect",
          "effectName": "Macro 30"
        },
        {
          "dmxRange": [248, 255],
          "type": "Effect",
          "effectName": "Macro 31"
        }
      ]
    },
    "Pan/Tilt Macro Speed": {
      "capability": {
        "type": "EffectSpeed",
        "speedStart": "slow",
        "speedEnd": "fast"
      }
    },
    "Dimmer Curves": {
      "capabilities": [
        {
          "dmxRange": [0, 20],
          "type": "Maintenance",
          "comment": "Standard"
        },
        {
          "dmxRange": [21, 40],
          "type": "Maintenance",
          "comment": "Stage"
        },
        {
          "dmxRange": [41, 60],
          "type": "Maintenance",
          "comment": "TV"
        },
        {
          "dmxRange": [61, 80],
          "type": "Maintenance",
          "comment": "Architectural"
        },
        {
          "dmxRange": [81, 100],
          "type": "Maintenance",
          "comment": "Theater"
        },
        {
          "dmxRange": [101, 255],
          "type": "Maintenance",
          "comment": "Default to unit dimmer setting"
        }
      ]
    },
    "Pan/Tilt Speed": {
      "capability": {
        "type": "PanTiltSpeed",
        "speedStart": "fast",
        "speedEnd": "slow"
      }
    },
    "Special Functions": {
      "capabilities": [
        {
          "dmxRange": [0, 69],
          "type": "NoFunction"
        },
        {
          "dmxRange": [70, 79],
          "type": "Maintenance",
          "comment": "Enable Pan & Tilt Blackout"
        },
        {
          "dmxRange": [80, 89],
          "type": "Maintenance",
          "comment": "Disable Pan & Tilt Blackout"
        },
        {
          "dmxRange": [90, 99],
          "type": "Maintenance",
          "comment": "Target Mode 1 (0-180°)"
        },
        {
          "dmxRange": [100, 109],
          "type": "Maintenance",
          "comment": "Target Mode 2 (90-270°)"
        },
        {
          "dmxRange": [110, 119],
          "type": "Maintenance",
          "comment": "Target Mode (180-360°)"
        },
        {
          "dmxRange": [120, 129],
          "type": "Maintenance",
          "comment": "Target Mode 4 (270-54°0)"
        },
        {
          "dmxRange": [130, 199],
          "type": "NoFunction"
        },
        {
          "dmxRange": [200, 209],
          "type": "Maintenance",
          "comment": "Reset All"
        },
        {
          "dmxRange": [210, 255],
          "type": "NoFunction"
        }
      ]
    }
  },
  "modes": [
    {
      "name": "13-channel",
      "shortName": "13ch",
      "channels": [
        "Pan",
        "Pan fine",
        "Tilt",
        "Tilt fine",
        "Color Wheel",
        "Gobo Wheel",
        "Shutter",
        "Dimmer",
        "Pan/Tilt Macros",
        "Pan/Tilt Macro Speed",
        "Dimmer Curves",
        "Pan/Tilt Speed",
        "Special Functions"
      ]
    },
    {
      "name": "11-channel",
      "shortName": "11ch",
      "channels": [
        "Pan",
        "Tilt",
        "Color Wheel",
        "Gobo Wheel",
        "Shutter",
        "Dimmer",
        "Pan/Tilt Macros",
        "Pan/Tilt Macro Speed",
        "Dimmer Curves",
        "Pan/Tilt Speed",
        "Special Functions"
      ]
    }
  ],
  "fixtureKey": "pocket-pro",
  "manufacturerKey": "american-dj",
  "oflURL": "https://open-fixture-library.org/american-dj/pocket-pro"
}
