{
  "$schema": "https://raw.githubusercontent.com/OpenLightingProject/open-fixture-library/schema-12.5.0/schemas/fixture.json",
  "name": "WashX.21",
  "categories": ["Color Changer"],
  "meta": {
    "authors": ["birk", "Flo Edelmann"],
    "createDate": "2021-08-20",
    "lastModifyDate": "2021-08-20"
  },
  "links": {
    "manual": [
      "https://images.static-thomann.de/pics/atg/atgdata/document/manual/426053_washx21_de_uk.pdf"
    ],
    "productPage": [
      "https://www.thomann.de/intl/litecraft_washx.21.htm"
    ]
  },
  "physical": {
    "dimensions": [493, 320, 99],
    "weight": 8.8,
    "power": 184,
    "DMXconnector": "5-pin",
    "bulb": {
      "type": "21× RGBW LEDs"
    },
    "lens": {
      "degreesMinMax": [40, 40]
    }
  },
  "availableChannels": {
    "Master Dimmer": {
      "capability": {
        "type": "Intensity"
      }
    },
    "Red": {
      "capability": {
        "type": "ColorIntensity",
        "color": "Red"
      }
    },
    "Green": {
      "capability": {
        "type": "ColorIntensity",
        "color": "Green"
      }
    },
    "Blue": {
      "capability": {
        "type": "ColorIntensity",
        "color": "Blue"
      }
    },
    "White": {
      "capability": {
        "type": "ColorIntensity",
        "color": "White"
      }
    },
    "Strobe": {
      "capabilities": [
        {
          "dmxRange": [0, 10],
          "type": "ShutterStrobe",
          "shutterEffect": "Open"
        },
        {
          "dmxRange": [11, 255],
          "type": "ShutterStrobe",
          "shutterEffect": "Strobe",
          "speedStart": "slow",
          "speedEnd": "fast"
        }
      ]
    },
    "Extended Strobe": {
      "name": "Strobe",
      "capabilities": [
        {
          "dmxRange": [0, 30],
          "type": "ShutterStrobe",
          "shutterEffect": "Open"
        },
        {
          "dmxRange": [31, 100],
          "type": "ShutterStrobe",
          "shutterEffect": "Strobe",
          "speedStart": "slow",
          "speedEnd": "fast"
        },
        {
          "dmxRange": [101, 130],
          "type": "ShutterStrobe",
          "shutterEffect": "Open"
        },
        {
          "dmxRange": [131, 200],
          "type": "ShutterStrobe",
          "shutterEffect": "Strobe",
          "speedStart": "slow",
          "speedEnd": "fast",
          "randomTiming": true
        },
        {
          "dmxRange": [201, 255],
          "type": "ShutterStrobe",
          "shutterEffect": "Open"
        }
      ]
    },
    "Color Macro": {
      "capabilities": [
        {
          "dmxRange": [0, 10],
          "type": "NoFunction"
        },
        {
          "dmxRange": [11, 30],
          "type": "ColorPreset",
          "colorsStart": ["#ff0000"],
          "colorsEnd": ["#ffff00"],
          "comment": "Red … Yellow"
        },
        {
          "dmxRange": [31, 50],
          "type": "ColorPreset",
          "colorsStart": ["#ffff00"],
          "colorsEnd": ["#00ff00"],
          "comment": "Yellow … Green"
        },
        {
          "dmxRange": [51, 70],
          "type": "ColorPreset",
          "colorsStart": ["#00ff00"],
          "colorsEnd": ["#00ffff"],
          "comment": "Green … Cyan"
        },
        {
          "dmxRange": [71, 90],
          "type": "ColorPreset",
          "colorsStart": ["#00ffff"],
          "colorsEnd": ["#0000ff"],
          "comment": "Cyan … Blue"
        },
        {
          "dmxRange": [91, 110],
          "type": "ColorPreset",
          "colorsStart": ["#0000ff"],
          "colorsEnd": ["#ff00ff"],
          "comment": "Blue … Magenta"
        },
        {
          "dmxRange": [111, 130],
          "type": "ColorPreset",
          "colorsStart": ["#ff00ff"],
          "colorsEnd": ["#ff0000"],
          "comment": "Magenta … Red"
        },
        {
          "dmxRange": [131, 150],
          "type": "ColorPreset",
          "colorsStart": ["#ff0000"],
          "colorsEnd": ["#ffffff"],
          "comment": "Red … White"
        },
        {
          "dmxRange": [151, 170],
          "type": "ColorPreset",
          "colorsStart": ["#ffffff"],
          "colorsEnd": ["#0000ff"],
          "comment": "White … Blue"
        },
        {
          "dmxRange": [171, 200],
          "type": "ColorPreset",
          "colors": ["#ffffff"],
          "comment": "Full White"
        },
        {
          "dmxRange": [201, 205],
          "type": "ColorPreset",
          "comment": "Color 1",
          "helpWanted": "Which colors can be selected in these capabilities?"
        },
        {
          "dmxRange": [206, 210],
          "type": "ColorPreset",
          "comment": "Color 2"
        },
        {
          "dmxRange": [211, 215],
          "type": "ColorPreset",
          "comment": "Color 3"
        },
        {
          "dmxRange": [216, 220],
          "type": "ColorPreset",
          "comment": "Color 4"
        },
        {
          "dmxRange": [221, 225],
          "type": "ColorPreset",
          "comment": "Color 5"
        },
        {
          "dmxRange": [226, 230],
          "type": "ColorPreset",
          "comment": "Color 6"
        },
        {
          "dmxRange": [231, 235],
          "type": "ColorPreset",
          "comment": "Color 7"
        },
        {
          "dmxRange": [236, 240],
          "type": "ColorPreset",
          "comment": "Color 8"
        },
        {
          "dmxRange": [241, 245],
          "type": "ColorPreset",
          "comment": "Color 9"
        },
        {
          "dmxRange": [246, 250],
          "type": "ColorPreset",
          "comment": "Color 10"
        },
        {
          "dmxRange": [251, 255],
          "type": "ColorPreset",
          "comment": "Color 11"
        }
      ]
    },
    "Color Temperature": {
      "capabilities": [
        {
          "dmxRange": [0, 5],
          "type": "NoFunction"
        },
        {
          "dmxRange": [6, 29],
          "type": "ColorTemperature",
          "colorTemperature": "3000K"
        },
        {
          "dmxRange": [30, 53],
          "type": "ColorTemperature",
          "colorTemperature": "4000K"
        },
        {
          "dmxRange": [54, 77],
          "type": "ColorTemperature",
          "colorTemperature": "4000K"
        },
        {
          "dmxRange": [78, 101],
          "type": "ColorTemperature",
          "colorTemperature": "5000K"
        },
        {
          "dmxRange": [102, 125],
          "type": "ColorTemperature",
          "colorTemperature": "5000K"
        },
        {
          "dmxRange": [126, 149],
          "type": "ColorTemperature",
          "colorTemperature": "6000K"
        },
        {
          "dmxRange": [150, 173],
          "type": "ColorTemperature",
          "colorTemperature": "7000K"
        },
        {
          "dmxRange": [174, 197],
          "type": "ColorTemperature",
          "colorTemperature": "8000K"
        },
        {
          "dmxRange": [198, 221],
          "type": "ColorTemperature",
          "colorTemperature": "9000K"
        },
        {
          "dmxRange": [222, 245],
          "type": "ColorTemperature",
          "colorTemperature": "10000K"
        },
        {
          "dmxRange": [246, 255],
          "type": "NoFunction"
        }
      ]
    },
    "Auto Program": {
      "capabilities": [
        {
          "dmxRange": [0, 10],
          "type": "NoFunction"
        },
        {
          "dmxRange": [11, 60],
          "type": "Effect",
          "effectName": "Auto Program 1"
        },
        {
          "dmxRange": [61, 110],
          "type": "Effect",
          "effectName": "Auto Program 2"
        },
        {
          "dmxRange": [111, 160],
          "type": "Effect",
          "effectName": "Auto Program 3"
        },
        {
          "dmxRange": [161, 210],
          "type": "Effect",
          "effectName": "Auto Program 4"
        },
        {
          "dmxRange": [211, 255],
          "type": "Effect",
          "effectName": "Auto Program 5 (1-4)"
        }
      ]
    },
    "Program Speed": {
      "capability": {
        "type": "EffectSpeed",
        "speedStart": "slow",
        "speedEnd": "fast"
      }
    },
    "Dimmer Mode": {
      "capabilities": [
        {
          "dmxRange": [0, 52],
          "type": "NoFunction",
          "comment": "Dimmer mode set on display"
        },
        {
          "dmxRange": [53, 101],
          "type": "Maintenance",
          "comment": "Dimmer Mode off"
        },
        {
          "dmxRange": [102, 152],
          "type": "Maintenance",
          "comment": "Dimmer Mode fast"
        },
        {
          "dmxRange": [153, 202],
          "type": "Maintenance",
          "comment": "Dimmer Mode medium"
        },
        {
          "dmxRange": [203, 255],
          "type": "Maintenance",
          "comment": "Dimmer Mode slow"
        }
      ]
    }
  },
  "modes": [
    {
      "name": "4-channel",
      "shortName": "4ch",
      "channels": [
        "Red",
        "Green",
        "Blue",
        "White"
      ]
    },
    {
      "name": "6-channel",
      "shortName": "6ch",
      "channels": [
        "Master Dimmer",
        "Red",
        "Green",
        "Blue",
        "White",
        "Strobe"
      ]
    },
    {
      "name": "11-channel",
      "shortName": "11ch",
      "channels": [
        "Master Dimmer",
        "Red",
        "Green",
        "Blue",
        "White",
        "Extended Strobe",
        "Color Macro",
        "Color Temperature",
        "Auto Program",
        "Program Speed",
        "Dimmer Mode"
      ]
    }
  ],
  "fixtureKey": "washx-21",
  "manufacturerKey": "litecraft",
  "oflURL": "https://open-fixture-library.org/litecraft/washx-21"
}
